timestamp,temp,vibration,pressure,current,is_anomaly
2024-01-01 00:00:00,72.60943415950887,3.3215694956200483,105.18913837224771,14.988242719336778,0
2024-01-01 00:15:00,70.18177498906932,2.967297831103651,98.16521257486265,13.447896157644385,0
2024-01-01 00:30:00,74.02326684887605,3.8472078587600858,102.29228811805513,15.575870271464412,0
2024-01-01 00:45:00,74.66187606323392,3.7014835322360042,101.46734300872915,14.239649375122829,0
2024-01-01 01:00:00,69.13371180480776,2.3761667619117377,96.79425378195289,12.21903738636476,0
2024-01-01 01:15:00,70.68201890461387,5.434335702139796,100.641429113912,16.4386428952405,0
2024-01-01 01:30:00,73.78714048252961,3.4246443397193334,100.02209781355111,14.081655724707401,0
2024-01-01 01:45:00,73.13749174339506,2.6112551238274238,97.44042347116947,15.341744960903048,0
2024-01-01 02:00:00,73.96730496973234,4.451027291483099,101.07400730258237,17.021963760823954,0
2024-01-01 02:15:00,72.51717302251588,4.000540457276923,100.43886863832556,16.52660809609912,0
2024-01-01 02:30:00,76.19488055182674,2.488366406441669,99.78223915807835,17.45073647292105,0
2024-01-01 02:45:00,76.1940500733497,4.92174627220618,99.79426759282394,16.712514793757215,0
2024-01-01 03:00:00,74.961599577905,4.027037894692954,99.72996922322915,16.974484836176778,0
2024-01-01 03:15:00,77.26296393883493,3.491843107499963,98.89690113626102,18.63852138055971,0
2024-01-01 03:30:00,76.10954788391807,4.772175044497423,100.41950228504494,16.87039825616848,0
2024-01-01 03:45:00,73.60838452760605,3.6274382270637124,98.06825736290865,12.72671183806054,0
2024-01-01 04:00:00,76.20265042933998,3.4775335399167746,107.97042847441,15.46799531957685,0
2024-01-01 04:15:00,73.67070992378754,2.971759907182409,95.77200026360406,16.545768084719395,0
2024-01-01 04:30:00,77.45332021849228,3.965480351445663,98.24579176829663,15.695352164983577,0
2024-01-01 04:45:00,75.68866781320258,3.881282373859184,98.48277368626918,18.53675955314874,0
2024-01-01 05:00:00,75.49465567528367,3.511744111911769,106.12148024297362,15.953626960335452,0
2024-01-01 05:15:00,74.56181765624056,2.8680109169059174,96.0395960500675,15.896418453911323,0
2024-01-01 05:30:00,78.41123717048741,3.603943883332859,101.27776689395833,18.610487449498827,0
2024-01-01 05:45:00,75.68257260430302,3.4441609713902896,100.74518219513962,15.830496935326966,0
2024-01-01 06:00:00,75.14334312073868,2.433220545012639,101.00080691402364,16.207418489813882,0
2024-01-01 06:15:00,75.28695311657147,2.3225501189406517,103.70902948783282,17.33477116097011,0
2024-01-01 06:30:00,77.02995192569051,3.9521227030478157,103.64748807924127,14.300579653956625,0
2024-01-01 06:45:00,76.65333786645986,1.4184893479586487,98.64712952043965,15.968054116356635,0
2024-01-01 07:00:00,76.6882178089783,3.664328421569008,100.58205234848197,17.650195285762166,0
2024-01-01 07:15:00,76.64813999286565,3.7833045841972313,94.40769390354357,16.492842220373586,0
2024-01-01 07:30:00,79.97730800322502,4.546597285503928,100.29727902556579,19.594193119083727,0
2024-01-01 07:45:00,74.77286342887338,3.1052254326768995,97.61803171650425,13.467973991381635,0
2024-01-01 08:00:00,74.43751881324734,4.027587371401517,99.44085272211845,13.196252992055001,0
2024-01-01 08:15:00,73.69592996019769,3.182468927009767,94.94388440554991,16.66330876299338,0
2024-01-01 08:30:00,76.40265953796072,3.5909985227889147,101.21461686015722,17.619508683787377,0
2024-01-01 08:45:00,77.26227954446497,4.089469224736041,94.91029391327318,16.288808853091744,0
2024-01-01 09:00:00,74.5971964163206,3.129955426940336,100.44485382037476,16.379750524964766,0
2024-01-01 09:15:00,72.9534251732869,4.297243907598723,96.32048322093235,16.40383801843318,0
2024-01-01 09:30:00,72.78213313790964,2.7050416983148136,97.45107689459235,14.013845132595273,0
2024-01-01 09:45:00,75.51921784815096,3.735674274046703,103.46419630763549,14.995492791871339,0
2024-01-01 10:00:00,75.48196986172229,4.238111778230282,101.76375383774086,16.32918022731464,0
2024-01-01 10:15:00,74.85064588193548,4.028029993432268,103.44760941301163,17.211327204421224,0
2024-01-01 10:30:00,72.19463103524708,5.033155901388328,104.67918139750387,13.309453921037147,0
2024-01-01 10:45:00,73.74474659537289,2.8892485461514714,97.6814838785807,15.226502530709338,0
2024-01-01 11:00:00,73.26308060988492,2.3966805989211295,104.49691498732261,15.012569235408819,0
2024-01-01 11:15:00,73.21195744433534,2.7045319132039043,95.6034830314633,15.990525890864749,0
2024-01-01 11:30:00,74.2589888763229,4.02835405323875,102.2383010036347,15.66464910788362,0
2024-01-01 11:45:00,72.70266112295124,3.898338347415503,98.51998685620009,14.391972961181082,0
2024-01-01 12:00:00,73.35154080026011,3.5818053277179325,97.20909957208205,17.27831091121414,0
2024-01-01 12:15:00,71.86714240775066,2.601634360714296,101.84340960191332,14.151256499893968,0
2024-01-01 12:30:00,72.04964249345245,4.113493834663249,102.83485457550763,14.576748203503556,0
2024-01-01 12:45:00,72.47566536999398,2.5202361778795677,102.74580515993964,12.755453157118758,0
2024-01-01 13:00:00,68.04383554590846,4.42715966590152,100.64457966668438,12.742711848503696,0
2024-01-01 13:15:00,70.06832885703388,5.785950738511892,100.39587190398771,15.194612771618736,0
2024-01-01 13:30:00,69.52198957135488,3.7931609172572402,101.5805997570997,14.737499805938754,0
2024-01-01 13:45:00,68.9466321642866,3.9664865085261947,100.91129222655157,14.983265134384622,0
2024-01-01 14:00:00,69.44336738936079,3.1057121848835525,101.62406751875794,15.059483645726742,0
2024-01-01 14:15:00,72.76139863080927,2.0518293431305468,100.61199838333215,18.35999064368551,0
2024-01-01 14:30:00,67.82727015051536,3.017824509575822,102.5283514735191,12.626392803984244,0
2024-01-01 14:45:00,71.29336894807942,2.6256838071210007,95.11837658034872,12.358875069271644,0
2024-01-01 15:00:00,65.80028241142463,2.3423963388679874,99.60617957474084,11.564255229320104,0
2024-01-01 15:15:00,68.3176092798117,4.877887953596519,95.84846051846324,12.839805030196123,0
2024-01-01 15:30:00,69.14715626486574,3.7182900144206186,100.83010605281466,12.682656474534355,0
2024-01-01 15:45:00,69.84198938984848,3.803750064491187,104.92579052756109,14.493088088421825,0
2024-01-01 16:00:00,69.95416826709285,3.252782107843,98.57774565415909,16.265232838463387,0
2024-01-01 16:15:00,69.99544654421788,3.361703134045251,100.38175609089164,16.708122572720235,0
2024-01-01 16:30:00,67.60373255490711,4.271640545791467,102.26946014476492,14.437582519242039,0
2024-01-01 16:45:00,67.28476448832096,3.4741303050438277,93.79683120470042,16.79733766967731,0
2024-01-01 17:00:00,69.84995308806886,3.924555150419786,98.43366855356744,13.820426341571029,0
2024-01-01 17:15:00,67.69249728884249,3.343196561723987,101.09354697781855,11.258970623649107,0
2024-01-01 17:30:00,65.48166171751463,3.2262776874143624,91.30901582302818,14.62426561708664,0
2024-01-01 17:45:00,65.74139251147015,2.37446866751851,97.06957452077509,10.364526165817452,0
2024-01-01 18:00:00,66.16110654240822,1.9178007501062975,103.30257392014387,12.115827428672759,0
2024-01-01 18:15:00,69.00352247924675,3.2907504791468787,103.00899070135218,14.881225092408222,0
2024-01-01 18:30:00,68.32034864997065,3.545197353594586,101.1229546821103,13.742532374918026,0
2024-01-01 18:45:00,69.45975766566086,2.471095970632967,102.64659291982953,13.951498155390999,0
2024-01-01 19:00:00,67.28437947862464,3.472420107972294,100.6453127032644,11.814128794357384,0
2024-01-01 19:15:00,68.53261239578595,4.446247858599105,101.66618472232695,13.943580134585778,0
2024-01-01 19:30:00,69.55958392457504,1.7751935951524966,99.05303887347816,15.773368910479201,0
2024-01-01 19:45:00,67.79840397891599,2.767900272416399,100.34743804876628,13.769473068478824,0
2024-01-01 20:00:00,69.45469934420893,3.8258111149883747,98.10288884075253,12.99107098380109,0
2024-01-01 20:15:00,67.35617494640407,3.809646983516595,103.79045003254694,11.735544793025223,0
2024-01-01 20:30:00,68.1070279518824,2.5770600668801915,104.56467822850661,12.617716511131352,0
2024-01-01 20:45:00,68.23634323917213,3.626758440399788,104.13973840209123,14.459403600373175,0
2024-01-01 21:00:00,66.78768320595167,4.317925780288378,98.77567371496642,13.951708355325064,0
2024-01-01 21:15:00,70.34494141462945,4.121658367192719,97.13867788190474,13.30272177349533,0
2024-01-01 21:30:00,68.63509478760105,3.4237713703888524,103.83092098225049,10.674389303307226,0
2024-01-01 21:45:00,69.81219004836632,3.125618949340566,101.63172160777424,14.973676160018144,0
2024-01-01 22:00:00,70.97148249245213,2.9965244125323967,100.98575302457093,13.344883649272761,0
2024-01-01 22:15:00,71.13436894717553,3.8742558263277256,54.0512008744846,15.773904402675585,1
2024-01-01 22:30:00,71.8109327626497,3.6560831785143106,101.2769914379103,13.809115365603287,0
2024-01-01 22:45:00,70.52856221332125,4.00352320488176,96.74416582101419,13.076717983491662,0
2024-01-01 23:00:00,70.12977011806737,3.6054990504969218,101.9021870682371,14.668688896309588,0
2024-01-01 23:15:00,71.07215161999645,4.155011160277954,104.13666009881862,18.25819433103849,0
2024-01-01 23:30:00,68.11543422327121,3.57567402636616,104.89313663172386,14.95817525365622,0
2024-01-01 23:45:00,68.85657883687811,4.127750972905349,102.12557216232945,14.261302599872211,0
2024-01-02 00:00:00,69.36717341153215,4.1966582162933115,95.85393535113664,14.748429328031097,0
2024-01-02 00:15:00,70.27979394373699,2.8563786958201494,100.59199039283807,11.857264390892702,0
2024-01-02 00:30:00,73.3343752984747,2.053484762503403,106.41904523217315,13.716802033413575,0
2024-01-02 00:45:00,70.98211547862664,4.734794284811643,97.39416522867315,10.928241346017284,0
2024-01-02 01:00:00,72.29159576532535,3.705326984569809,99.82245528126936,17.68228957146254,1
2024-01-02 01:15:00,75.89673290585296,2.1284112836031026,102.42239123722112,18.46009891548951,1
2024-01-02 01:30:00,72.8305388249564,2.928944402225031,98.21503812985712,15.838389436809287,1
2024-01-02 01:45:00,75.25627410177452,4.117499433895863,101.98592351890986,16.179554885158662,1
2024-01-02 02:00:00,72.14454861619232,3.2762585350936857,90.52866457758697,12.715979581111327,1
2024-01-02 02:15:00,73.82282648585534,3.0903508645446984,87.93982355186844,15.217898005380567,1
2024-01-02 02:30:00,72.54600049515477,4.6207054882503735,92.76328539841461,17.85238796615227,1
2024-01-02 02:45:00,73.96983663958443,2.6621702828929514,83.68509138791268,15.7880749891689,1
2024-01-02 03:00:00,76.51902718326282,2.861477313796133,84.86424148809284,15.508738455661002,1
2024-01-02 03:15:00,71.562111508369,3.669109180038614,83.43942400178491,12.23152746250528,1
2024-01-02 03:30:00,76.05100996825581,3.812363945643106,84.92615023833957,18.28576158207295,1
2024-01-02 03:45:00,75.80940407124115,3.8970744274725853,81.84280390407574,16.037695519830862,1
2024-01-02 04:00:00,74.2831124462049,4.228990435655158,101.37119474253059,13.049832953817225,1
2024-01-02 04:15:00,72.83233093083521,3.6588628965452137,98.792707366295,13.82417032136064,1
2024-01-02 04:30:00,76.10633443036212,3.8915071511507273,103.64501205724584,14.237332433506225,1
2024-01-02 04:45:00,75.1248537851027,3.2926325925479336,112.0774721281818,15.622449542615024,1
2024-01-02 05:00:00,76.85469895114734,3.550158642589371,102.07384629676875,16.610896400632996,1
2024-01-02 05:15:00,76.621979887853,3.9888361093909643,100.29901662264051,15.436116196025068,1
2024-01-02 05:30:00,79.9539334588849,3.672078508655229,96.10641108702352,18.31696732370014,1
2024-01-02 05:45:00,76.42675691611788,4.118031846066208,98.08755565204854,16.172317392065764,1
2024-01-02 06:00:00,74.99645240228614,3.9441165455558647,99.35886929815808,17.179360820333166,1
2024-01-02 06:15:00,77.5228322568104,3.5353736023201465,98.3961992791986,15.768884646878563,1
2024-01-02 06:30:00,77.70800349198167,2.852699212047168,99.95176649641945,20.889085087785134,1
2024-01-02 06:45:00,80.0731244215083,3.838992548348417,105.33404823042186,16.144769458632858,1
2024-01-02 07:00:00,79.09490821829971,3.4775857720834047,103.7415007521077,15.303912260464802,1
2024-01-02 07:15:00,78.19182093095624,3.654545263850559,99.52350185059524,14.809399801969322,1
2024-01-02 07:30:00,80.44186454643226,5.265220245712322,96.37516016600242,16.668322187141698,1
2024-01-02 07:45:00,75.15909920282526,3.0809817771670116,104.01210292870724,12.78146910280977,1
2024-01-02 08:00:00,76.26314290374889,3.837831215300288,99.8528371796159,16.094700180344645,1
2024-01-02 08:15:00,75.68070214786701,4.897327143288074,94.82049872319294,12.581037598708543,1
2024-01-02 08:30:00,76.7312266760674,3.578401531279506,102.13729035547911,15.95752656281911,1
2024-01-02 08:45:00,74.72090815103532,5.370276095337732,103.07706005270039,13.0459165682965,1
2024-01-02 09:00:00,78.69517425330535,3.1975685666148186,92.72227478519599,15.654003469269295,1
2024-01-02 09:15:00,76.91894751395996,3.7592713778560376,97.52633607360129,16.560755722451745,1
2024-01-02 09:30:00,74.34905213092833,2.8609554040856144,99.66863796607686,18.29990259987564,1
2024-01-02 09:45:00,75.17640047793793,3.2187802118853654,102.20353273392585,13.435919362209644,1
2024-01-02 10:00:00,74.61158291123662,3.6991471283173265,98.45276024612748,15.5579986992314,0
2024-01-02 10:15:00,75.42929825648856,4.177043249846184,97.50357429407819,14.943151464783256,0
2024-01-02 10:30:00,77.50748249035013,3.7552758672188595,102.18150774904085,15.347439263263846,0
2024-01-02 10:45:00,79.09623147032785,4.507291879467789,98.59503288005752,16.056409446144038,0
2024-01-02 11:00:00,73.84637386239626,3.4240277515258626,101.62616395164609,16.79001187217429,0
2024-01-02 11:15:00,70.78316552756293,3.2342651761287957,96.66545303507623,13.902865861923308,0
2024-01-02 11:30:00,68.23956867635734,6.00593435339247,95.94300094229081,17.245839650313485,0
2024-01-02 11:45:00,72.77834472035501,3.8153901195536246,102.26580747271119,15.857472299948604,0
2024-01-02 12:00:00,70.35525889383389,2.924414763217162,100.75755973095164,12.991561676389056,0
2024-01-02 12:15:00,70.88872669044252,2.9445889902015447,102.76736719970862,14.116560233915141,0
2024-01-02 12:30:00,70.23475033670495,2.745856068374928,98.40222099723567,13.2676546159515,0
2024-01-02 12:45:00,70.91918408894536,4.24925548468543,97.61468409256076,15.875858206103677,0
2024-01-02 13:00:00,73.07797411737539,3.2084981656854064,104.08215666262274,12.865222750364739,0
2024-01-02 13:15:00,71.00987643115405,3.6018899805251885,95.43112370801659,12.691535858692502,0
2024-01-02 13:30:00,70.13386572299773,3.4491930604493852,103.75438212754187,13.552840538775605,0
2024-01-02 13:45:00,68.1418231033327,4.085193926352748,103.96151412244716,14.866967120707297,0
2024-01-02 14:00:00,66.63341923519754,2.8226047256927838,102.58026854279822,15.239616182793418,0
2024-01-02 14:15:00,68.78847048728389,2.6395421710855875,97.93657744896865,16.10735443234443,0
2024-01-02 14:30:00,69.44141934792145,3.6794378457452757,97.55042848982393,15.027128084297733,0
2024-01-02 14:45:00,72.88324854546748,3.9807674277599174,99.3698326810054,15.140640259103215,0
2024-01-02 15:00:00,69.41771228209899,3.766025850478113,96.1148809695058,15.417252403100687,0
2024-01-02 15:15:00,70.94460242374115,2.852437016722138,97.1149180037392,12.96662980097478,0
2024-01-02 15:30:00,67.81544116546544,4.041987873673115,101.93420287452714,10.977646516615295,0
2024-01-02 15:45:00,66.29271024126311,2.9049112583234926,101.94804734267247,13.942769438908666,0
2024-01-02 16:00:00,66.59523522676785,3.0827690841708932,96.85127552039513,11.870052942307082,0
2024-01-02 16:15:00,66.95278095984511,5.28977325561932,102.02836580590022,13.387874189705313,0
2024-01-02 16:30:00,72.55335420752907,4.5409266789216245,101.36290991721941,15.345446786067942,0
2024-01-02 16:45:00,66.56269822416017,4.006737232821879,104.5296587637313,13.740988806015498,0
2024-01-02 17:00:00,69.8077718383987,3.9839947005430987,101.70740932560257,15.749018859307187,0
2024-01-02 17:15:00,66.2668460346551,4.49776913691396,103.17574316120313,14.528166592834129,0
2024-01-02 17:30:00,69.89458750024424,5.750119398590979,101.43123277279064,14.660876350824807,0
2024-01-02 17:45:00,68.77709546789785,2.1326191168718758,102.93978732909156,13.370105719665247,0
2024-01-02 18:00:00,67.6867847163549,2.9092987352983135,96.13864853029668,13.86767854792095,0
2024-01-02 18:15:00,67.92854792544037,3.007059932660381,99.63476662866726,12.88424875261973,0
2024-01-02 18:30:00,66.72761262513932,2.8193443020938456,99.8830516953174,13.123640404532537,0
2024-01-02 18:45:00,68.97343380258273,2.6379334019170297,99.26875015919416,18.01929027614544,0
2024-01-02 19:00:00,67.23222113007277,3.2602775487557074,101.33165989095018,13.842950890347144,0
2024-01-02 19:15:00,65.76841152344612,2.526717027768476,101.90313896348725,13.80589098259016,0
2024-01-02 19:30:00,65.75738721155179,3.7680338940299305,101.17677123121345,12.068995189919994,0
2024-01-02 19:45:00,68.76788047479658,3.541358657142892,99.46916835633598,15.560474267083778,0
2024-01-02 20:00:00,71.7056632838114,3.922659945852348,97.79280976046462,16.052107619138557,0
2024-01-02 20:15:00,69.00703913718034,3.906182761310602,103.29155822246871,15.253140573136731,0
2024-01-02 20:30:00,68.60355512417107,3.982405482741341,101.0491984498415,14.303403407381515,0
2024-01-02 20:45:00,69.57980149864929,3.201272850540894,96.94415842480177,15.82522559324494,0
2024-01-02 21:00:00,71.80029452686856,5.196914722106934,99.41893737505113,16.847616153012666,0
2024-01-02 21:15:00,69.81925008450636,3.6875448931856782,94.77010096687792,14.770423404375851,0
2024-01-02 21:30:00,68.762053045042,2.010012197900164,100.10611184304233,13.856697375012114,0
2024-01-02 21:45:00,72.0102637808853,2.698099403387026,99.40486017220421,16.34493561943773,0
2024-01-02 22:00:00,70.87841817120352,2.1075976087777475,98.27659914893398,13.30733749152144,0
2024-01-02 22:15:00,73.32411947727,3.5138677033210457,104.75380056941059,14.320295422258011,0
2024-01-02 22:30:00,70.85826865524064,3.402555820757333,96.53153764137366,14.577530082244838,0
2024-01-02 22:45:00,68.28851881063856,3.125259441680434,102.11917885504701,11.27452004053435,0
2024-01-02 23:00:00,68.25220738089286,5.108740889920411,106.56012448279562,15.117055124612994,0
2024-01-02 23:15:00,74.54578617003789,3.9391862992615287,103.23180371115006,14.31936501981263,0
2024-01-02 23:30:00,74.94990711871714,4.080878689157068,99.90538365370669,15.177735603362505,0
2024-01-02 23:45:00,71.40431480036105,2.7551412096463173,96.59779408173002,14.501375046588658,0
2024-01-03 00:00:00,71.25877050599891,2.70068408693519,95.91381347024664,14.836561384155498,0
2024-01-03 00:15:00,75.20971787099698,3.5294443992775637,98.76534491512743,15.447435446664532,0
2024-01-03 00:30:00,70.33319258489801,3.6384057117217807,97.93899779825827,14.398901204623881,0
2024-01-03 00:45:00,71.01593867518103,2.0149507463084344,97.8413592731256,14.615340153968688,0
2024-01-03 01:00:00,74.34670280116467,3.3557543817203728,99.02105963358626,15.033464403908711,0
2024-01-03 01:15:00,72.52095163021787,3.5112576662988038,99.69325872134294,13.996493802607212,0
2024-01-03 01:30:00,73.54441487983642,3.3278806673830967,101.45563584293589,17.085535350484328,0
2024-01-03 01:45:00,73.46560560680716,2.849287670122659,96.28661134161271,12.283073128642092,0
2024-01-03 02:00:00,74.69778988991509,3.068371854463088,97.95326861160085,15.500764228460302,0
2024-01-03 02:15:00,77.05908398035031,3.3585126451417633,99.52098375153255,15.81437598627877,0
2024-01-03 02:30:00,74.63715025602198,3.612208215009547,99.41354441973019,16.419332306896322,0
2024-01-03 02:45:00,75.94519080694813,3.9838332660404543,105.50927112224026,14.002118047305927,0
2024-01-03 03:00:00,70.7469113898467,4.364684963960697,100.69673977817158,13.874395405088604,0
2024-01-03 03:15:00,74.927556576824,3.2645218211782003,95.15923056412173,15.724727372062567,0
2024-01-03 03:30:00,73.5033041842373,3.1350750431077135,101.2545440847603,17.056101670826877,0
2024-01-03 03:45:00,72.90323722143273,3.850124538827445,101.63699116823193,15.769248616622956,0
2024-01-03 04:00:00,73.72133682443886,3.9886759331286834,99.62461591526579,13.741168731028367,0
2024-01-03 04:15:00,74.93126620021557,3.1526396533928915,96.3598099767724,22.774391832662257,1
2024-01-03 04:30:00,77.537760602304,4.132314781572938,105.27416408594038,17.990405209682237,1
2024-01-03 04:45:00,73.14372717190743,4.283668272924778,96.79034825925623,23.561896623210075,1
2024-01-03 05:00:00,75.93205916889703,4.533349172526939,101.9823166192478,16.06165134811055,1
2024-01-03 05:15:00,74.96014896799302,4.922656725375858,100.6001515871918,28.63783213892011,1
2024-01-03 05:30:00,75.31399407987065,2.806867089072449,101.8024316470893,15.41552363408005,0
2024-01-03 05:45:00,77.99869402472163,3.511118567466009,105.12057377250198,20.843235881614863,0
2024-01-03 06:00:00,77.07613084467546,3.509022157294928,101.68491661642311,15.903742064231315,0
2024-01-03 06:15:00,78.66427246144309,3.421541145173994,98.3240073188694,17.673929477484624,0
2024-01-03 06:30:00,75.65294052392301,3.216020049772025,103.31797682538388,14.946430476847976,0
2024-01-03 06:45:00,74.52555963638454,2.311550397415143,98.10670164986765,16.54928987891447,0
2024-01-03 07:00:00,75.40842832127082,3.574143556823203,100.4906740341858,17.328709891659148,0
2024-01-03 07:15:00,76.26331150479801,2.88531547236167,96.12074917595262,15.397047396320255,0
2024-01-03 07:30:00,76.03744108329184,3.5687947845981,96.90015631798974,16.129179602159752,0
2024-01-03 07:45:00,73.40570216903413,2.8647651666409173,100.15416001130856,14.078790995873929,0
2024-01-03 08:00:00,75.6303200464923,2.620273323324527,101.10426012574261,14.372490295872852,0
2024-01-03 08:15:00,75.76587393133994,3.687438688301518,94.8928281319269,17.68495532815229,0
2024-01-03 08:30:00,80.19025652412944,3.620737221445197,101.491862104002,33.25215107682672,1
2024-01-03 08:45:00,78.7413638176102,3.9634255770567464,97.5417130702051,13.401990652520956,0
2024-01-03 09:00:00,73.10074755991475,5.2486910131341,103.8390640470135,17.978258502714862,0
2024-01-03 09:15:00,74.03999417010853,3.7218316249686776,98.94410671352648,14.408855266438648,0
2024-01-03 09:30:00,71.48419551293073,3.8880654136513035,96.62913319135004,14.475699088257171,0
2024-01-03 09:45:00,73.01564917076091,2.63795093690614,100.22741367387776,17.766054509469743,0
2024-01-03 10:00:00,74.60483931417751,2.4704740475709004,97.25129499676382,15.568838652971793,0
2024-01-03 10:15:00,76.15344281868855,4.766263557418667,103.80683542429938,16.001027942303768,0
2024-01-03 10:30:00,72.04420833089432,2.761216176053357,100.0015906225993,13.171002932442498,0
2024-01-03 10:45:00,71.94828371507488,2.6648447428250863,99.54497013072015,12.532234565081115,0
2024-01-03 11:00:00,68.71081288770036,3.6329040423594936,101.77540305679302,13.763664469415914,0
2024-01-03 11:15:00,72.42456391273899,3.427846069298089,96.98515768239912,15.671583834934038,0
2024-01-03 11:30:00,70.36635735558652,2.7779947948453665,96.13253903401446,14.968195318992114,0
2024-01-03 11:45:00,71.17149231126128,3.25602142502952,101.22505473832491,14.02955607267456,0
2024-01-03 12:00:00,70.21484712477374,4.483500574120083,96.70098787597357,14.494840836452536,0
2024-01-03 12:15:00,71.51837581609885,2.855205112934562,96.69996953875163,12.099697751837706,0
2024-01-03 12:30:00,67.93103273621232,2.3850620125070625,102.51026809366266,14.469560351906912,0
2024-01-03 12:45:00,68.25436021046968,4.254074896719834,101.57519232995182,14.118416830295974,0
2024-01-03 13:00:00,75.19238476286691,3.8938375295504293,96.23851137264127,18.918206770134358,0
2024-01-03 13:15:00,68.10905502524379,3.0035851034810706,98.142591871176,13.843935977216708,0
2024-01-03 13:30:00,68.2459800592669,2.2342663870984656,97.28880533216105,12.459789989560951,0
2024-01-03 13:45:00,73.8757180671664,2.9043013148491497,105.32895789412174,15.486630719016691,0
2024-01-03 14:00:00,75.78207262489963,3.456236450520583,102.71803128271182,15.642922087446133,0
2024-01-03 14:15:00,67.40754546415798,4.432537671907055,98.73746546198417,14.27432544240299,0
2024-01-03 14:30:00,68.8025628183809,2.6707344201042744,101.72858406803047,14.081106938102051,0
2024-01-03 14:45:00,70.02110250600228,3.4323840947908213,95.93144144220751,12.51641070022172,0
2024-01-03 15:00:00,72.60572789819119,4.040115727915919,97.98206154643152,12.728103437166329,0
2024-01-03 15:15:00,66.99718315141996,1.5949861279024633,100.31458979782566,13.893517249375513,0
2024-01-03 15:30:00,68.31589037422967,4.3270289343511195,101.35669224743773,15.969438923872756,0
2024-01-03 15:45:00,70.210358944964,2.5540395422348503,99.70762262345967,14.58212950956678,0
2024-01-03 16:00:00,69.38878887042992,3.7655963947655477,100.74404053214268,15.436582692009289,0
2024-01-03 16:15:00,67.64543749571759,3.6973465196885953,100.23500937985938,15.212844980020675,0
2024-01-03 16:30:00,68.024037446353,4.367669113171076,99.50926779393305,14.207399002597905,0
2024-01-03 16:45:00,65.45172096276995,3.9407395047148324,99.11156322342732,11.813779057038875,0
2024-01-03 17:00:00,67.65127627407105,1.598167606616015,98.72120538196664,13.988345009789661,0
2024-01-03 17:15:00,67.53755866268624,2.872176602275207,100.69581252588577,15.47187693020659,0
2024-01-03 17:30:00,68.49422757132143,3.610564103482624,101.23244676759836,14.743104095796301,0
2024-01-03 17:45:00,66.89580514108187,3.3440160911041703,100.5950775019565,14.591109556567543,0
2024-01-03 18:00:00,68.9432264713163,3.8820885838054164,96.46420884999682,13.38914857885715,0
2024-01-03 18:15:00,70.03641601830032,4.131493244535765,97.00321644657043,14.10739416587187,0
2024-01-03 18:30:00,68.34977665999871,3.9867613891437435,101.1966454178442,13.726842031649062,0
2024-01-03 18:45:00,68.78734337330688,3.3285800459564276,104.41501990201263,13.95919600818687,0
2024-01-03 19:00:00,68.25184021851638,2.022930391103616,100.45724638467627,15.627489539573453,0
2024-01-03 19:15:00,68.22391922264458,3.1356150009161463,98.76499476256902,10.346415174286124,0
2024-01-03 19:30:00,66.87504193968199,3.8330945185111642,100.67302136632833,13.508320038777354,0
2024-01-03 19:45:00,69.06133608548875,2.627642197959618,96.58953573245971,13.999156262104343,0
2024-01-03 20:00:00,68.35927358513143,4.005019784097261,103.92682946960939,11.850530363373206,0
2024-01-03 20:15:00,72.88045433953339,4.226714637813844,100.55978243352409,16.271787126741213,0
2024-01-03 20:30:00,71.99526892363767,3.601493581036674,97.99162836036835,13.911830389173915,0
2024-01-03 20:45:00,69.78820207474246,1.0489761069500831,99.49961360172138,13.800911648392999,0
2024-01-03 21:00:00,67.67113294859404,2.4775293098305573,98.41889130380915,16.474512746209275,0
2024-01-03 21:15:00,67.16517664595983,5.0089513268448655,103.9350099304505,15.064513468096534,0
2024-01-03 21:30:00,71.9762253213114,3.0627697655772974,99.39327973165882,15.854598005111095,0
2024-01-03 21:45:00,70.33369111861313,1.9126854214968032,58.75936113495668,15.071272737550546,1
2024-01-03 22:00:00,70.99212777311678,4.488197910648218,101.72117936995387,14.45061829826702,0
2024-01-03 22:15:00,66.7747536808096,3.5106844732349383,97.77770018870638,16.43149200229803,0
2024-01-03 22:30:00,72.35832888022965,4.38395239116618,100.58112839840547,16.310750111229254,0
2024-01-03 22:45:00,71.65823371550884,3.7215669401754923,100.82330670818263,13.773145243704773,0
2024-01-03 23:00:00,68.77983344061629,3.866847308969735,95.33776353693814,11.933796614858405,0
2024-01-03 23:15:00,70.313230424012,3.790407398171613,100.75808946633283,15.344226130187506,0
2024-01-03 23:30:00,72.04248758611716,4.0579906495368,99.86271380517059,14.92894258101748,0
2024-01-03 23:45:00,71.88083860678618,5.3219443588448785,100.38989887634798,12.820844331616604,0
2024-01-04 00:00:00,71.45337504027289,4.2768050687673504,100.1068891404717,15.47889176064924,1
2024-01-04 00:15:00,72.09239160423101,2.235728545723572,98.95932780066843,14.624176740802021,1
2024-01-04 00:30:00,72.05578088965125,3.8573292122231226,100.37566604066484,15.812731655186578,1
2024-01-04 00:45:00,73.12282890418778,4.413184614482574,91.00693230919921,15.999458993127696,1
2024-01-04 01:00:00,76.01515102342748,4.462160645228916,91.70081572077147,15.292149274712486,1
2024-01-04 01:15:00,68.18871761602142,3.1587160135527204,92.90894679597942,14.805882431442734,1
2024-01-04 01:30:00,73.0925345712463,4.431955556150502,90.53368669409282,14.580902747421543,1
2024-01-04 01:45:00,74.15674697674599,4.431955556150502,88.65094393275353,14.997701283252342,1
2024-01-04 02:00:00,74.62546560517087,4.431955556150502,93.71527710156546,14.989232571619196,1
2024-01-04 02:15:00,73.51068758048645,4.431955556150502,85.47877020871375,17.14966791585534,1
2024-01-04 02:30:00,70.9524484507107,4.431955556150502,85.2109952069469,14.26487595313167,1
2024-01-04 02:45:00,75.32268836397655,4.431955556150502,79.07878382344248,18.05547128003934,1
2024-01-04 03:00:00,78.3107725744123,4.431955556150502,97.02126287830815,19.56845907760398,1
2024-01-04 03:15:00,71.96548171144123,4.431955556150502,99.0570477122991,13.881565808150695,1
2024-01-04 03:30:00,76.924991282683,1.3733173250864852,102.13588051403022,23.16094492087501,1
2024-01-04 03:45:00,74.69071036576747,3.1522404210214927,101.22048356448752,17.37397742463715,1
2024-01-04 04:00:00,75.3611877100697,3.7954864477599237,101.20975411179664,23.92421350441474,1
2024-01-04 04:15:00,73.49918172352979,3.1054225235952715,99.35696683960862,14.150474897360949,1
2024-01-04 04:30:00,75.04175622786668,5.048304946823288,98.87859214356108,24.847580904255725,1
2024-01-04 04:45:00,78.40054204122198,3.51070065017269,99.46042826712016,16.297941880317552,0
2024-01-04 05:00:00,77.03925721196117,4.532823244147308,102.17342635049565,18.45756679962896,0
2024-01-04 05:15:00,79.39545838498701,3.709136330183975,102.52218228451126,17.458504374472376,0
2024-01-04 05:30:00,78.32569811956253,4.161125847914606,96.98127505098631,18.82310738103096,0
2024-01-04 05:45:00,76.87206596278187,3.72339324314685,59.03370685007777,17.202949967752303,1
2024-01-04 06:00:00,79.48766035010563,4.595027705522851,98.04783630773132,16.78245201910596,0
2024-01-04 06:15:00,76.86653145324831,3.5447514801059206,101.40676495552316,15.874423631160608,0
2024-01-04 06:30:00,77.61617867849078,4.384962760420704,99.42410277261254,17.527266729671638,0
2024-01-04 06:45:00,75.32174244775888,3.793066346920035,104.69736564771695,17.227161178326725,0
2024-01-04 07:00:00,75.98587710992493,3.269371633498145,98.74577611305656,17.690952161528784,0
2024-01-04 07:15:00,74.37932423137545,3.8239858551397417,100.53583552268435,15.321489502349019,0
2024-01-04 07:30:00,77.6585483955994,5.287508996958145,101.81977947267828,16.960373303286527,0
2024-01-04 07:45:00,73.21221049446848,3.6518830449727555,97.37812344963136,16.239723762223534,0
2024-01-04 08:00:00,77.00765812613203,3.835571914282599,99.78142883371916,15.926349898934316,0
2024-01-04 08:15:00,74.92103700548422,4.506223160695554,99.20024534613059,14.173901050941117,0
2024-01-04 08:30:00,77.49005971684991,4.412202624755424,98.45855954978208,15.437611315001789,0
2024-01-04 08:45:00,76.48103807432223,3.509373134175492,98.68083099555028,15.98275825847469,0
2024-01-04 09:00:00,78.43955639585987,1.5932890376341104,103.33604379441039,17.92517762758841,0
2024-01-04 09:15:00,76.06678286285575,3.913362254918773,98.204347795719,18.108501102214877,0
2024-01-04 09:30:00,71.25695519916496,1.7244205931015577,101.69922364801482,12.743015746647558,0
2024-01-04 09:45:00,74.05263970539919,4.675949784752985,100.94378500609344,14.719774390724782,0
2024-01-04 10:00:00,71.61866951404977,3.6355790969546087,95.80905965267448,14.348807108620054,0
2024-01-04 10:15:00,72.69384914096172,4.299739215897591,101.55750831527932,16.40023029074848,0
2024-01-04 10:30:00,76.51317332966634,2.7783110894551593,95.75946037072691,15.561786195817154,0
2024-01-04 10:45:00,74.51970185958825,2.2579940213599565,101.88427548449548,15.111312055455269,0
2024-01-04 11:00:00,71.59535610862058,3.708603507312934,98.47842507060746,12.760617966860838,0
2024-01-04 11:15:00,70.7101075985751,3.4731172480350865,100.02510175976936,15.33814325353242,0
2024-01-04 11:30:00,72.54427045388312,3.1067673390742674,96.11716015112098,14.921182524270103,0
2024-01-04 11:45:00,69.78469796161146,3.567729024586211,100.36714697081445,13.354341836014044,0
2024-01-04 12:00:00,70.61371603349502,5.713948713625808,102.78085125391186,14.194844973325363,0
2024-01-04 12:15:00,72.318382477173,4.167620437895247,97.57910371593213,16.786007996048795,0
2024-01-04 12:30:00,73.74466464363198,4.3395988846906555,98.17849874156796,14.01606903060983,0
2024-01-04 12:45:00,72.39366650285369,4.3395988846906555,101.36386307070246,13.855610504200714,1
2024-01-04 13:00:00,66.33919893722428,4.3395988846906555,101.43885497094082,15.180138352365715,1
2024-01-04 13:15:00,71.28076753975378,4.3395988846906555,92.69746210477447,14.897892503954422,1
2024-01-04 13:30:00,70.57204959815448,4.3395988846906555,106.04621909134832,15.57624602451422,1
2024-01-04 13:45:00,71.01844974717832,4.3395988846906555,101.585660450645,15.308162789162028,1
2024-01-04 14:00:00,73.1935308477153,4.149388567997201,102.09075598735889,15.305057425873665,0
2024-01-04 14:15:00,65.61381680668673,2.724159683907941,99.56937866001395,12.561696363283183,0
2024-01-04 14:30:00,68.34695447675738,3.3589072396085355,94.43393947434326,15.151423376752941,0
2024-01-04 14:45:00,70.51043303476429,2.9465842055981497,102.02416618375072,16.29663476214602,0
2024-01-04 15:00:00,65.9763413536707,4.701623401474505,98.30443591530734,14.819184926625358,0
2024-01-04 15:15:00,71.91459923690395,4.099565612325251,101.63179508255001,13.196172320599661,0
2024-01-04 15:30:00,69.53560454571613,4.65349338568751,99.34359678921182,16.21804789048133,0
2024-01-04 15:45:00,70.34197082335326,3.997281050496777,100.71411813734913,13.96568836570951,0
2024-01-04 16:00:00,67.3711917566274,34.702005979582985,97.67501085577227,12.478813220670967,1
2024-01-04 16:15:00,70.01982915570757,36.580450260220026,102.5931668280368,14.151957201559561,1
2024-01-04 16:30:00,70.42393175630451,25.51852335574146,96.43486288162698,15.773872179764451,1
2024-01-04 16:45:00,68.6633471437402,20.063375864228945,106.73670827601757,14.809700419164153,1
2024-01-04 17:00:00,68.5932941355497,36.20064904276019,106.71384590496103,13.594908622883509,1
2024-01-04 17:15:00,68.60869219617635,3.7591922050177153,104.89809875639953,15.239106459169866,0
2024-01-04 17:30:00,66.30168280278082,4.467411654740302,103.82643695732354,13.500295711973397,0
2024-01-04 17:45:00,67.71070771534885,4.757068652865894,99.74635492529907,12.853755116295593,0
2024-01-04 18:00:00,67.6952327922931,4.755998787999157,103.49964011724163,12.646516913250188,0
2024-01-04 18:15:00,68.77872292569026,3.3134435663333996,99.71147050517162,14.648969144339508,0
2024-01-04 18:30:00,70.04033562054977,3.2181879720401847,95.33944737326408,14.288324082441527,0
2024-01-04 18:45:00,65.96933823913292,3.8842674367051035,104.50960424209207,20.719761823886195,1
2024-01-04 19:00:00,67.89889097546586,5.525523742193743,103.38647338876751,15.040409532244011,1
2024-01-04 19:15:00,71.1908262246175,4.684079362971133,99.90598267703369,26.528623688990322,1
2024-01-04 19:30:00,66.83591357037882,4.395517729598704,96.32444722800655,15.838953543096839,1
2024-01-04 19:45:00,66.78952573639612,3.1897696355605674,98.24139797026308,17.265319585250854,1
2024-01-04 20:00:00,68.9648592227673,2.7934402950759,94.53656324533748,13.818394872245173,0
2024-01-04 20:15:00,70.3899825746572,4.131126306706592,102.83524255785393,13.467028245738316,0
2024-01-04 20:30:00,68.87916970668081,2.619470988612512,95.19007309940746,12.600617131438236,0
2024-01-04 20:45:00,71.68281937600861,3.3092509192157578,100.86049261044003,14.174659737665017,0
2024-01-04 21:00:00,70.91981934736503,3.408177640798462,97.46891995666094,17.331797217764983,0
2024-01-04 21:15:00,71.08318001728414,4.774329671298246,95.71988966500157,14.940009260304496,0
2024-01-04 21:30:00,70.7122280968173,3.2162421576322577,100.71506527983571,13.426106370849046,0
2024-01-04 21:45:00,74.4740268304663,1.5486002891419075,98.9986018440639,12.999265433633783,0
2024-01-04 22:00:00,69.63247270502931,3.903555718129975,102.5145673162761,11.707697991987263,0
2024-01-04 22:15:00,66.26821638360502,2.9407825175168587,96.19718419381388,12.475770198903403,0
2024-01-04 22:30:00,73.72362756157082,3.5341048195501976,97.72805606357853,14.566556292263256,0
2024-01-04 22:45:00,69.84594269750508,3.4306362393263012,92.83707337452732,14.017706749899796,0
2024-01-04 23:00:00,71.2286346008013,3.2810368033457853,93.44695995301623,11.360314679586612,0
2024-01-04 23:15:00,73.8877384895309,4.132272465427763,105.39457722993554,15.428799154289472,0
2024-01-04 23:30:00,68.32301638655902,2.273708097317834,106.25079473229901,15.438499578688369,0
2024-01-04 23:45:00,69.28516457894932,3.086388620036512,100.27817861567186,16.61981124473109,0
2024-01-05 00:00:00,68.84773342862324,4.047230330493905,97.52851370228046,11.212650806711265,0
2024-01-05 00:15:00,70.7236314565629,3.0087321797245052,99.10465322352968,13.415000298110137,0
2024-01-05 00:30:00,73.45145502528568,2.2129546325840224,102.62072260745909,14.154085716123902,0
2024-01-05 00:45:00,73.8783826540149,4.034844274605389,98.45683294053386,15.782096937492945,0
2024-01-05 01:00:00,73.63682270930686,4.398475704353231,100.71290160112507,13.661388110977377,0
2024-01-05 01:15:00,70.50836229104173,3.4640038338855947,99.96173184855625,17.07590356040254,0
2024-01-05 01:30:00,68.95758924041166,1.9313235212243738,98.29356198975142,14.152560479652108,0
2024-01-05 01:45:00,73.92364221510215,4.064775797359053,98.42142176202438,15.392373230581827,0
2024-01-05 02:00:00,73.10074230231162,2.1720896948642494,100.87996261505653,17.719293291367652,0
2024-01-05 02:15:00,75.1836624985305,3.7470394214785325,97.06933559083768,15.931027313434127,0
2024-01-05 02:30:00,75.87968647984553,2.7900289402062723,101.35518803687054,16.76436105370169,0
2024-01-05 02:45:00,74.95253809125393,2.5721285713864277,98.58526312105245,14.759564017438104,0
2024-01-05 03:00:00,76.38512665452238,3.146471986336248,100.3821019139447,14.259784898775138,0
2024-01-05 03:15:00,75.4998084436299,3.353361954858192,104.15188769850567,15.134400085832624,0
2024-01-05 03:30:00,76.2650036089649,2.9846333996908414,99.49542386431914,19.55996484110671,0
2024-01-05 03:45:00,73.94527868189329,3.9709626225721206,102.75941302057598,16.53311502699842,0
2024-01-05 04:00:00,75.13077399902687,3.143144497232933,94.62390143234852,16.351034455374638,1
2024-01-05 04:15:00,76.00396098628087,4.284152697337458,96.7707291408964,14.736628210606462,1
2024-01-05 04:30:00,77.35640191894873,3.7249385325147837,96.44670222686457,17.973796777160388,1
2024-01-05 04:45:00,75.01687320534002,2.9419542347229535,100.31544658307392,13.868522050131318,1
2024-01-05 05:00:00,76.91939351117436,2.807248092934171,86.84741647749307,14.125233378828739,1
2024-01-05 05:15:00,75.40146609526224,2.1820029607620492,90.62046132341257,15.182109144256202,1
2024-01-05 05:30:00,75.73728484981649,3.732586542293458,93.46097564365789,19.052921822887118,1
2024-01-05 05:45:00,77.65360546222591,3.2163299621989134,84.91766605692666,19.54292298725669,1
2024-01-05 06:00:00,72.01352236693292,2.2781598574318505,84.81602902326844,28.654402635408122,1
2024-01-05 06:15:00,73.39462996411122,3.4426384240316215,84.63158059153025,14.40709046193639,1
2024-01-05 06:30:00,72.99404284777185,2.779172776596038,82.37170747935016,12.837669793491887,1
2024-01-05 06:45:00,71.24505293323868,4.760542073736528,84.69731142636324,14.890561968251731,1
2024-01-05 07:00:00,74.49285805757967,2.1377771104853522,101.3454214302197,15.99087654525608,0
2024-01-05 07:15:00,77.2688563463217,2.346919360212757,103.98331868654266,17.76499128519188,0
2024-01-05 07:30:00,75.10466220332822,4.3879757144845595,98.91997492807026,17.29745993098621,0
2024-01-05 07:45:00,75.95870207373976,4.58541052597117,97.7784237662491,15.891477745624977,0
2024-01-05 08:00:00,77.61497537817242,2.904013649019487,99.32283042094109,17.518534425591103,0
2024-01-05 08:15:00,77.95060060909123,3.8688016551711257,96.5226907198972,15.734221880957564,0
2024-01-05 08:30:00,75.00151564502711,3.9929883172426504,101.45053508863029,16.706018493549163,0
2024-01-05 08:45:00,77.67806794389561,1.6383201624437518,98.84236566173426,15.942572265891846,0
2024-01-05 09:00:00,74.97351957159316,2.0110450523955548,97.98463330006757,16.581243645428355,0
2024-01-05 09:15:00,72.92088388196058,3.2754132793194306,101.495975228863,15.844017152516221,0
2024-01-05 09:30:00,73.20216747897258,4.739912452903301,96.56885266607713,15.463855682234373,0
2024-01-05 09:45:00,71.21493427664997,3.151415929466608,102.31150664156738,15.956289860234023,0
2024-01-05 10:00:00,72.17545139373156,3.7869585080555215,98.56498783452592,12.69703681107844,0
2024-01-05 10:15:00,73.00303160279985,4.40703141805121,103.47728933228255,13.703535153508545,0
2024-01-05 10:30:00,75.08621223110801,5.185507786622517,98.8217872653113,15.520774159002851,0
2024-01-05 10:45:00,76.67421924637652,3.03852122148135,101.89572899967378,14.237370692402973,0
2024-01-05 11:00:00,70.21667014116393,3.486530621013259,100.53868712131872,13.854704270517122,0
2024-01-05 11:15:00,73.51083655907308,4.957644177074274,102.23170562114346,14.891305525105599,0
2024-01-05 11:30:00,70.38513374927467,2.2822405798468575,100.32984067644288,16.48006580478244,0
2024-01-05 11:45:00,73.15465737975073,4.322064856443058,95.00980776297027,15.560197767362412,0
2024-01-05 12:00:00,71.68125162882251,2.6853475741109936,103.0263806177264,16.44851985274257,0
2024-01-05 12:15:00,68.0200175113693,3.5819778936825255,99.73695123262628,14.258517331625368,0
2024-01-05 12:30:00,73.27819119842962,3.3059047620797806,102.36854823206444,14.579956452680788,0
2024-01-05 12:45:00,69.95384312920821,2.7335907194390163,102.07073943060657,14.58672815038223,0
2024-01-05 13:00:00,69.84187554554943,2.7135184578733798,97.68011055696597,15.446702164563087,0
2024-01-05 13:15:00,68.5206762726191,3.7211314914030034,97.25561378447411,15.7463048714496,0
2024-01-05 13:30:00,69.1078626645327,4.296431462530146,101.96606530434701,13.93389370495816,0
2024-01-05 13:45:00,71.03524609896745,3.3962110374491976,99.09025291176846,12.239307863910819,0
2024-01-05 14:00:00,69.57181614367875,3.5560905269865732,102.80928783839948,11.69484145697077,0
2024-01-05 14:15:00,70.38725432806008,3.9569392530328376,99.46539717141093,14.026557383242693,0
2024-01-05 14:30:00,70.24313004076456,2.722704981589632,103.07022933234487,10.966086760507407,0
2024-01-05 14:45:00,71.96059907711374,4.091754006730339,101.2699134526273,17.680836421739368,0
2024-01-05 15:00:00,68.44518365398383,4.309393265998772,100.86392498114245,14.82895494329475,0
2024-01-05 15:15:00,66.00081934653889,5.582901039000328,98.87796640377918,12.2467452897158,0
2024-01-05 15:30:00,70.92581303292735,3.199116647552334,100.69728284218455,13.013272518865012,0
2024-01-05 15:45:00,67.97897867436058,3.133534558665498,103.57855814485812,15.335872246272336,0
2024-01-05 16:00:00,70.7361207759421,4.115172697258997,99.83735362401003,12.950380499306121,0
2024-01-05 16:15:00,69.15364378189565,4.1552833351297105,101.59352333105157,12.618752989167117,0
2024-01-05 16:30:00,68.02005553545757,3.0719302772986303,100.13908022874912,12.657097750597234,0
2024-01-05 16:45:00,68.89125898131147,3.177469858455961,100.37381212823627,14.238508816254926,0
2024-01-05 17:00:00,72.02342434651112,3.932904670574432,105.17023227081489,15.938223462674433,0
2024-01-05 17:15:00,72.2196776966616,2.837932607412271,103.60519009311865,16.854911659121978,0
2024-01-05 17:30:00,68.16566038029534,3.171572809587988,100.23821144558715,15.417155062508652,0
2024-01-05 17:45:00,68.32549122051057,3.571674213894748,100.6433622638081,13.898807930005283,0
2024-01-05 18:00:00,70.15292611825042,4.296750947857807,97.8943884893471,15.976660796109627,0
2024-01-05 18:15:00,66.32160334575086,3.0163211070563674,99.48108536120515,12.289981582760717,0
2024-01-05 18:30:00,68.70863610995883,2.0260924303754626,100.92819336264584,11.2812918112947,0
2024-01-05 18:45:00,68.03730321796716,1.9667220259854312,102.55184076870738,12.804494357824387,0
2024-01-05 19:00:00,68.78014301851476,2.4924695466350935,102.24766269073275,12.824652134139997,0
2024-01-05 19:15:00,66.56537947645023,2.44946582544005,96.67222283228647,12.421633235236305,0
2024-01-05 19:30:00,65.14892338855607,3.3763113931040727,102.9309481920359,11.505614922703987,0
2024-01-05 19:45:00,64.2937723377759,2.548895877121916,99.73367896186734,11.996467334963203,0
2024-01-05 20:00:00,66.33191265322166,2.9377960321430368,97.03902593296739,14.229599617106865,0
2024-01-05 20:15:00,67.79098868610824,2.88073129201436,104.00915421229577,16.310182259826327,0
2024-01-05 20:30:00,68.2777239570606,3.1475937113216053,104.38983699021387,11.295297475729646,0
2024-01-05 20:45:00,72.90777913793761,4.558003465218498,100.79124094702198,13.340731801030167,0
2024-01-05 21:00:00,71.42722973725736,4.029558071544414,102.1263808057157,13.640999533084958,0
2024-01-05 21:15:00,67.4849236355743,3.512903532220803,102.3023476262333,14.794089906827178,0
2024-01-05 21:30:00,70.30949134937292,3.1311789755353296,104.18731645843675,14.185426240352301,0
2024-01-05 21:45:00,69.01511366842004,3.153413874701583,102.18420557629517,13.01837026587058,0
2024-01-05 22:00:00,69.48504285925286,3.7621971759615596,96.0169351676843,15.32061236933399,0
2024-01-05 22:15:00,70.65726461906206,3.9673352586818322,106.02942324691338,16.031764785231573,0
2024-01-05 22:30:00,71.76514266375435,2.7739059951195197,103.19697066844013,14.90140285999086,0
2024-01-05 22:45:00,70.09478534928223,3.5291846044913853,98.47142738418171,13.204106764853854,0
2024-01-05 23:00:00,73.15276543254171,1.8747043450695784,96.91112478292777,15.751248980615603,0
2024-01-05 23:15:00,68.99712497390306,3.6693710273364775,101.51444029121225,13.749235179492066,0
2024-01-05 23:30:00,71.55270055237489,4.109719393566949,99.16521988489727,14.504290300034276,0
2024-01-05 23:45:00,76.99636254735478,3.2759450984952996,100.98998606199687,15.730308436303678,0
2024-01-06 00:00:00,72.50902018226061,4.953221596912084,102.23022052383479,16.540180925661318,0
2024-01-06 00:15:00,75.1908658646293,3.3088108456492886,98.30067433600962,16.332080098878983,0
2024-01-06 00:30:00,72.76766268392981,3.673952332242609,96.65167602194698,16.783850128013388,0
2024-01-06 00:45:00,74.00385604742378,3.4713402026672355,101.15745540361594,17.605646032444323,0
2024-01-06 01:00:00,72.98280452301347,3.419761866045273,98.39983643416907,15.983312510204001,0
2024-01-06 01:15:00,73.00492527926983,3.4085422655962017,100.4382873571972,14.54176191145322,0
2024-01-06 01:30:00,72.03037674584284,3.5856840240075774,95.97002068911321,16.56960237208253,0
2024-01-06 01:45:00,74.6867327419545,4.4212676523915615,99.24345182657609,16.504516876003883,0
2024-01-06 02:00:00,72.35201653845675,4.602188989019796,102.14485567311999,19.010656626748485,0
2024-01-06 02:15:00,75.60641326376269,3.498199804396674,101.8177975229404,16.547078311870838,0
2024-01-06 02:30:00,76.65621598863521,4.152252857737307,97.6349260873802,17.44339685511169,0
2024-01-06 02:45:00,75.41844943418317,2.938586442986574,96.49520689204584,16.461170667199,0
2024-01-06 03:00:00,74.30112305103341,4.112764362180986,100.04729106925538,15.541689027507847,0
2024-01-06 03:15:00,75.95746798085469,2.8904067809384077,101.68309839105822,15.799053069875058,0
2024-01-06 03:30:00,74.59503536667549,4.3725279488705056,101.21552542057765,16.2198763769905,0
2024-01-06 03:45:00,77.23255071225303,5.268512701914592,98.46352046691607,17.351528841396693,0
2024-01-06 04:00:00,71.83331060389153,3.4023328896228864,100.89347332745982,16.681575030634097,0
2024-01-06 04:15:00,74.94458843582177,1.745965207354073,104.50706641382799,16.34665236820218,0
2024-01-06 04:30:00,71.73836066775003,3.0615416534041415,100.61543406192709,14.227174437187166,0
2024-01-06 04:45:00,72.81809900227086,4.4855001074314425,95.10055619254413,14.755148705782782,0
2024-01-06 05:00:00,78.60785742776156,3.942461429620196,100.60960101430193,14.997951813973696,0
2024-01-06 05:15:00,77.72578329057436,3.6991308789400237,106.13187091363783,19.209555752530772,0
2024-01-06 05:30:00,74.53486431585357,4.306934684763871,96.13782756065321,14.948698874474799,0
2024-01-06 05:45:00,72.99019577512934,3.887562751398738,100.08917398548707,16.74821942274566,0
2024-01-06 06:00:00,70.07039773026189,4.474180149960909,99.3209937009036,14.835945605242367,0
2024-01-06 06:15:00,74.8995736937476,4.235538941317588,100.28764887782519,16.32546985438339,0
2024-01-06 06:30:00,80.79741587787132,4.7173603621895674,100.58275645946132,17.46305295045289,0
2024-01-06 06:45:00,76.77941588265273,3.7870368671250034,103.41991595818877,15.252126431855809,0
2024-01-06 07:00:00,74.72680579555917,4.224207521195163,100.25434985920243,14.365238637929789,0
2024-01-06 07:15:00,76.69592838925594,3.2542983415313715,103.83177867163614,19.001476599984187,0
2024-01-06 07:30:00,72.54752713835185,3.0188313507527953,99.64703302364055,15.335199759761425,0
2024-01-06 07:45:00,74.96274415185093,4.865414112335179,98.9495896780761,17.576724864836756,0
2024-01-06 08:00:00,75.62904432302753,3.6729637410581506,97.99245105088418,18.166073703376135,0
2024-01-06 08:15:00,75.11588370985466,4.143904452689903,94.54873891263954,15.318494717807576,0
2024-01-06 08:30:00,76.7135987229373,3.5989920115291123,100.82734423577752,17.049338265772956,0
2024-01-06 08:45:00,75.65175333423679,3.0307874792640286,106.16200086541554,16.16304216350806,0
2024-01-06 09:00:00,76.11689290861815,3.508786314065921,101.37470643185759,14.499247168060114,0
2024-01-06 09:15:00,73.20935697023656,4.6487952142141715,102.06024206248505,15.084587127214581,0
2024-01-06 09:30:00,76.17650785158345,3.944192059423539,98.76090602495664,17.134212240833875,0
2024-01-06 09:45:00,77.42332094980641,2.130821472215633,99.26699982617899,15.878452402425635,0
2024-01-06 10:00:00,72.00043598189878,3.3278044347390763,102.95392446499979,14.51286600151184,0
2024-01-06 10:15:00,71.93231283731751,4.92583503416377,106.02608092086946,14.719643568116787,0
2024-01-06 10:30:00,76.13892198207137,3.3289625105200353,104.46384380739046,19.408970591586566,0
2024-01-06 10:45:00,72.83802477868115,2.0596170466126553,102.41573388918407,12.500334027947686,0
2024-01-06 11:00:00,75.77648247010005,5.014439108338035,100.10545173817152,16.885409689570903,0
2024-01-06 11:15:00,71.82774232545376,4.045914007850234,100.62915674280197,14.568314081757878,0
2024-01-06 11:30:00,75.36382353356623,3.44398971294976,97.73947804171523,15.048164697316219,0
2024-01-06 11:45:00,72.45567775099352,3.202865811134345,95.65549743609203,14.719889764563655,0
2024-01-06 12:00:00,72.44731147768503,4.365881543833389,96.61960492672017,16.135257809055645,0
2024-01-06 12:15:00,74.7987339787583,3.066413279819046,100.14940010356581,16.926405584658333,0
2024-01-06 12:30:00,70.68561861859324,4.418605139612791,99.12402321571997,14.8847112692301,0
2024-01-06 12:45:00,69.26930962017197,3.933756228579405,95.59167488584094,15.81990486073653,0
2024-01-06 13:00:00,70.00045644594248,4.115897431266253,99.88802986285079,16.303386426433608,0
2024-01-06 13:15:00,71.55300924669505,3.6164118442684763,99.04470902660216,16.09046668693444,0
2024-01-06 13:30:00,67.27337348461054,3.3600255706286575,96.48145343414775,12.762723368662334,0
2024-01-06 13:45:00,71.4432210499493,4.336512096167413,98.88946296813978,15.574628638804105,0
2024-01-06 14:00:00,68.86197578136345,2.8077257343185327,99.03714099785097,14.80739372311689,0
2024-01-06 14:15:00,72.0152150352539,2.2024598985358326,98.1500885802266,13.781117360106343,0
2024-01-06 14:30:00,64.72091523701759,3.9915520983139796,102.78001049432783,10.462116230023891,0
2024-01-06 14:45:00,67.73682607687232,4.004990662453718,94.29129531372007,10.686884390999863,0
2024-01-06 15:00:00,65.74907380299824,3.8841929220094134,94.04260302786709,13.2295053760677,0
2024-01-06 15:15:00,67.29393997452615,3.826182695694431,100.00985735334727,14.035241564658223,0
2024-01-06 15:30:00,69.27920858106198,3.243567697329962,100.28838156817692,12.411090207839973,0
2024-01-06 15:45:00,68.27668711025986,4.12998616350842,101.21264540805691,15.452054631905002,0
2024-01-06 16:00:00,67.99407206564123,3.4635534985963674,98.38307947516272,14.026548843636988,0
2024-01-06 16:15:00,68.06314328815424,3.1103091513478573,97.246228584723,15.843121908819299,0
2024-01-06 16:30:00,68.6844857572575,3.25048695019568,99.97805160191515,14.561149532152639,0
2024-01-06 16:45:00,66.17278880325377,5.116511759020666,98.67526559395601,11.652336283157403,0
2024-01-06 17:00:00,69.53204370269553,2.1120191343636536,104.65321421396709,14.947034930743884,0
2024-01-06 17:15:00,69.38879836891361,3.899830483436639,99.02731825022443,15.221805552982234,0
2024-01-06 17:30:00,68.79553801526612,2.156711657901026,99.84044454484876,13.217226025749326,0
2024-01-06 17:45:00,69.11756134483447,3.4134133293416213,107.42625441879383,11.972128907485528,0
2024-01-06 18:00:00,93.59348926454359,3.15309801187665,99.41571931980793,14.128490875822987,1
2024-01-06 18:15:00,72.08410162124682,1.8319773626560976,101.66847059559727,13.523963533399769,1
2024-01-06 18:30:00,68.00058914128044,3.8112300723470103,101.93892830015906,15.442377802193217,1
2024-01-06 18:45:00,67.73838919154257,3.195969550246243,102.19420493115464,13.032490867257664,1
2024-01-06 19:00:00,67.04003135519223,1.8206349259510048,100.86846179623376,15.981519761949787,1
2024-01-06 19:15:00,66.69357006137618,4.171654472619402,100.58152238323153,10.065311278004165,1
2024-01-06 19:30:00,66.49629333703457,4.6480049423911485,100.30100286951135,13.355429233415048,1
2024-01-06 19:45:00,67.45050189123191,4.692099473837258,98.27201829329869,15.544456918825901,1
2024-01-06 20:00:00,69.34483155363806,3.787165152521177,100.97655640851781,12.59407994878221,1
2024-01-06 20:15:00,70.42756735602659,3.536846510861692,106.08593751227377,13.976425325106554,1
2024-01-06 20:30:00,70.14812480670913,4.562525296716638,103.63204572689067,13.487709957423194,1
2024-01-06 20:45:00,68.8150420115173,4.8459068682720785,100.91175406667391,12.627556792400682,1
2024-01-06 21:00:00,72.45943386132156,4.4068549623005,102.56748939431797,15.074329337459192,1
2024-01-06 21:15:00,72.46274018558671,3.2862174053481286,97.39247227380804,12.726124436786055,1
2024-01-06 21:30:00,71.00053292552968,3.6610758825719376,99.21846353740085,14.025011053489653,1
2024-01-06 21:45:00,70.36009576532717,3.851612915433143,102.84354953255216,14.734193999168491,1
2024-01-06 22:00:00,73.11814179641672,2.0523064248662166,104.46150158037457,14.425845450105921,1
2024-01-06 22:15:00,72.7608862967938,3.8754885276966196,97.68740148371387,13.101872632537738,1
2024-01-06 22:30:00,69.8596333610241,5.318393460783511,98.54923507173052,15.237950714905132,1
2024-01-06 22:45:00,72.99714076879654,4.0119489326406335,106.5441273816356,15.690179846977284,1
2024-01-06 23:00:00,74.03959314761505,4.678730465153405,100.28878374930692,13.306618926459338,1
2024-01-06 23:15:00,72.10267891509145,3.646331784102964,105.47008591810113,12.307033631341449,1
2024-01-06 23:30:00,74.67133115141745,3.441425340812943,100.62057195182737,13.551773590999714,1
2024-01-06 23:45:00,71.77349339390639,3.8050171120647804,100.7385408469763,14.889088201185352,1
2024-01-07 00:00:00,77.74780367015295,2.8473386816124537,99.08352733702031,16.237700449489704,1
2024-01-07 00:15:00,74.83286643107384,2.728979850212489,102.8276654245307,17.03498399799072,0
2024-01-07 00:30:00,72.09202239754853,4.513043645735492,104.073332650912,14.538381392188636,0
2024-01-07 00:45:00,73.5814970993185,4.597873874293215,96.8949933095774,14.087347773545387,0
2024-01-07 01:00:00,68.2886127097811,2.7071149475301195,98.94264834333869,15.26485354555608,0
2024-01-07 01:15:00,71.04487820863261,4.274399043643092,102.74523557312266,13.883290692413036,0
2024-01-07 01:30:00,73.0133134227489,3.4304320195151834,99.61135408664701,15.583816110605635,0
2024-01-07 01:45:00,71.69304091970093,3.7718468595923444,98.51984359440037,12.583025017237219,0
2024-01-07 02:00:00,75.49466012611383,3.8681749115480506,103.02862646160821,15.19368240134995,0
2024-01-07 02:15:00,103.28016521047003,4.295480374499455,103.31035961413754,18.39814404455328,1
2024-01-07 02:30:00,72.14225073639166,3.566174561490551,98.65107372798359,13.968263370912712,0
2024-01-07 02:45:00,73.01976467390509,4.628129596241549,100.63709958396383,16.527685134348776,0
2024-01-07 03:00:00,75.35324889928168,3.74753027180794,96.3745756122873,12.509445125502213,0
2024-01-07 03:15:00,78.27989011825655,3.999347417975626,97.3135572685639,16.044879546012183,0
2024-01-07 03:30:00,72.7751083960579,2.8333899267702027,100.37249569640014,14.975500550000172,0
2024-01-07 03:45:00,75.86632675020702,5.226927208563867,100.09422036273953,18.773708480075715,0
2024-01-07 04:00:00,79.1448118797285,3.8758599385639734,97.0993717248081,15.389849243896869,0
2024-01-07 04:15:00,72.3176435325618,4.070397940276079,97.85207822582328,16.101783002939175,0
2024-01-07 04:30:00,73.16244918270145,2.2134513510307667,96.80486689013333,16.93413242668363,0
2024-01-07 04:45:00,74.96483493952542,2.841838381536719,101.36517957073963,14.807216010991214,0
2024-01-07 05:00:00,74.84199177717653,4.490306950334984,94.0970824099243,15.292311609993925,0
2024-01-07 05:15:00,77.56284666986546,3.729512894634084,96.9652683113194,16.881297161677495,0
2024-01-07 05:30:00,76.45856056071948,1.968976212136859,94.41117535650304,14.115340717427049,0
2024-01-07 05:45:00,72.44587440646205,4.330631943187055,101.25706181157395,14.45110750414658,0
2024-01-07 06:00:00,77.03004899613796,3.064973756517821,94.5917993498359,18.423182760261014,0
2024-01-07 06:15:00,74.83043763909416,4.629053588701369,100.09518759560662,16.633113508024877,0
2024-01-07 06:30:00,78.50361340899377,3.42973145711704,104.91857204724226,16.715957088473267,0
2024-01-07 06:45:00,74.65179580838533,4.354552988048111,105.02030194381271,15.965147285270325,0
2024-01-07 07:00:00,74.5692452352579,4.443163662873319,94.58227729246353,16.64213161887203,0
2024-01-07 07:15:00,76.84377341144946,2.78200562331627,100.89522880489287,17.61174724530001,0
2024-01-07 07:30:00,77.19027406508955,2.705722553732848,97.03308611085863,15.722460998458212,0
2024-01-07 07:45:00,76.44782342736063,3.342801263681514,96.42059189286923,18.636428443127695,0
2024-01-07 08:00:00,72.05240984699529,4.1617382396969775,99.65959013682978,16.990245255905577,0
2024-01-07 08:15:00,76.35697807774616,2.4352981979092077,103.68487347079937,17.32297986885367,0
2024-01-07 08:30:00,73.05553439890934,2.1655723200887227,101.79897662266107,14.052220520903965,0
2024-01-07 08:45:00,75.42455255437619,4.158976741635033,97.85457721455136,14.497029906156968,0
2024-01-07 09:00:00,71.92371915196587,3.0176173499463967,102.11510199223001,14.48721005069487,0
2024-01-07 09:15:00,75.46914148554578,3.1862191896637735,93.26887500435497,16.131890092130348,0
2024-01-07 09:30:00,72.75756455572889,2.014551678447867,97.74116260470028,12.57453156838009,0
2024-01-07 09:45:00,71.5895961133395,2.956816548518414,97.52832536589625,15.618918534319732,0
2024-01-07 10:00:00,75.35737204072936,3.4939461626950794,100.2349620752168,17.938405007991516,0
2024-01-07 10:15:00,74.17961549068053,4.244302286098314,99.39151610902,16.518595856950476,0
2024-01-07 10:30:00,72.22769632704738,2.883015867012289,99.57558671914035,14.054229693907862,0
2024-01-07 10:45:00,76.11109155814106,4.825900896185997,99.47584140968158,15.041722371341582,0
2024-01-07 11:00:00,72.07533178525058,2.952355180656159,100.06722172296726,15.472378051836293,0
2024-01-07 11:15:00,72.76465418164048,2.95352655873186,101.62039290087468,14.999440681484874,0
2024-01-07 11:30:00,72.97906554718011,4.729886041518242,100.44799307830715,15.958281425537896,0
2024-01-07 11:45:00,70.94081525984875,3.6691681218911336,99.14694455018632,15.584826636863076,0
2024-01-07 12:00:00,72.8605560018089,3.058380216790739,101.20524483941435,16.896002593884663,0
2024-01-07 12:15:00,70.5898652806054,3.375893495055525,102.4783706309583,12.878774440787335,0
2024-01-07 12:30:00,70.57345112443029,4.582458862033647,98.33192232783212,14.904463759103056,0
2024-01-07 12:45:00,73.86455673102627,4.672962255700545,99.82179180798197,15.014154513365897,0
2024-01-07 13:00:00,68.8043324879579,2.8465654565837952,103.48571968913976,13.893347180484326,0
2024-01-07 13:15:00,65.81095428743564,3.4660529519367134,96.69171796819793,14.439899565233805,0
2024-01-07 13:30:00,73.61524378888961,3.5721254621340583,105.41410658876784,16.94426194624375,0
2024-01-07 13:45:00,75.25576727336674,2.711007911586722,95.98253507578127,18.074395657585505,0
2024-01-07 14:00:00,69.1182138332204,3.4554519578800047,98.96390616638578,14.77384952551852,0
2024-01-07 14:15:00,65.83559555209052,3.50425828836136,97.14943000937197,12.985653479493466,0
2024-01-07 14:30:00,68.87864201380029,4.4121675831493885,106.56378099060814,13.684274899964512,0
2024-01-07 14:45:00,68.72822016462429,4.465940022648961,98.48994991345855,11.416333545795284,0
2024-01-07 15:00:00,68.73344500620006,3.2366324813127934,98.4974765304144,16.02963606920792,0
2024-01-07 15:15:00,66.71151691840446,3.4601886442784764,98.88775378018025,12.930607454842832,0
2024-01-07 15:30:00,69.93553941646118,4.031433841644509,100.28680842368185,15.13950741494272,0
2024-01-07 15:45:00,94.67737369737672,3.031849240858391,99.01467466328647,15.321706897826665,1
2024-01-07 16:00:00,65.50594185063274,3.9709121213899223,99.6013395861328,11.183809291614612,0
2024-01-07 16:15:00,69.77456571843314,3.429674810104628,89.41237014092879,12.947350126840488,0
2024-01-07 16:30:00,72.3784946943345,2.7244811378091036,100.17147950800548,17.434078268883596,0
2024-01-07 16:45:00,68.52997288810275,2.7345306296962826,100.05341986445994,14.394645139956141,0
2024-01-07 17:00:00,67.4406776401119,4.657646956824882,103.11570639223719,12.761324795585795,0
2024-01-07 17:15:00,67.77724867979437,3.374862816685361,103.9271828448382,13.543654087246995,0
2024-01-07 17:30:00,69.25457897015579,4.812283275118649,99.4368758158246,15.805729048295998,0
2024-01-07 17:45:00,64.54257514726328,3.0890909914280718,102.44868724502187,14.16424426378044,0
2024-01-07 18:00:00,68.32968163992875,3.732964160905195,96.69529365866558,11.69978184861916,0
2024-01-07 18:15:00,67.2340961013831,7.649455646921345,102.30202702808832,16.02165459592277,0
2024-01-07 18:30:00,71.74187914255387,2.654090604269377,98.28257260259628,16.37178578926418,0
2024-01-07 18:45:00,67.74603635658698,1.9817484000801786,96.44590759560984,13.495098032963716,0
2024-01-07 19:00:00,71.49505094164851,4.529272105029786,99.44323396538785,13.060931617864474,0
2024-01-07 19:15:00,66.03315124309871,2.838552715685541,104.20141734159334,14.790958333021003,0
2024-01-07 19:30:00,69.51262218422417,3.483434908715013,100.54301661019254,14.96842790570918,0
2024-01-07 19:45:00,69.09007207861518,3.031265431638732,104.48946444303515,11.940324056467906,0
2024-01-07 20:00:00,66.84155615791671,3.714530224764253,97.75380185855259,13.104349734337449,0
2024-01-07 20:15:00,69.07748309875166,2.7395710342514064,103.14355331364396,18.81250434381423,0
2024-01-07 20:30:00,71.30481673926543,3.356047929693355,98.04351988828917,14.816197657901263,0
2024-01-07 20:45:00,68.40265848473402,3.8598522612452273,100.67598601446761,12.80784165391672,0
2024-01-07 21:00:00,65.84942337602024,2.6933528909805906,100.65004848597825,11.64208207484611,0
2024-01-07 21:15:00,69.39318888005805,2.939932776283289,101.98447520177251,16.876105139161545,0
2024-01-07 21:30:00,67.82945757074154,3.2220937331211745,100.75222185973398,15.020476505588993,0
2024-01-07 21:45:00,69.16575151905343,2.730230988964401,97.78244638653455,16.260884126591872,0
2024-01-07 22:00:00,69.91260147566028,3.161951213761003,102.64092085627769,14.746058368836321,0
2024-01-07 22:15:00,66.89806426293802,3.5950372319223214,105.19496978297619,15.350448131880587,0
2024-01-07 22:30:00,67.31889048145185,3.1803608467292572,98.24858973323164,12.323186560113689,0
2024-01-07 22:45:00,71.76139374245966,3.2828988056546202,94.4943037706649,15.172304594110486,0
2024-01-07 23:00:00,70.00403105974738,3.508235361494192,101.49795870506136,14.831789590383318,0
2024-01-07 23:15:00,66.17626254306133,2.975405230054149,99.00645881784355,15.326549160731231,0
2024-01-07 23:30:00,73.13469792841249,4.052850052693501,99.60669143213411,15.818673938734431,0
2024-01-07 23:45:00,72.37087255224581,4.665338150610907,101.66853326719304,14.172994153069421,0
2024-01-08 00:00:00,70.660251849951,3.128495686243641,98.6308227105232,14.69418631336586,0
2024-01-08 00:15:00,69.71583231932536,3.8881585851821656,99.19344408596899,11.800129892107245,0
2024-01-08 00:30:00,74.28110169874488,3.3083062756522823,99.69964144919024,12.202877409718061,0
2024-01-08 00:45:00,98.56556779275388,3.792389876030804,104.40926181395506,16.716682392988595,1
2024-01-08 01:00:00,77.88573598536323,4.752623624962603,100.09020881234075,16.203604966149452,0
2024-01-08 01:15:00,74.20977040206677,3.906927634414479,96.29297925755512,15.270805172149629,0
2024-01-08 01:30:00,74.38779145357178,2.081268368952255,96.41236455657665,16.962757455121455,0
2024-01-08 01:45:00,73.51460988922771,3.882102291168342,100.4176897649788,17.549898544335214,0
2024-01-08 02:00:00,75.71017472959888,4.996703858429251,96.61171599792706,16.914784351121035,0
2024-01-08 02:15:00,75.54604932905956,3.3227230640015177,95.31308953922752,18.955924044044586,0
2024-01-08 02:30:00,77.0087437338578,4.296507844894266,101.90660797280204,17.256656821243254,0
2024-01-08 02:45:00,73.66132388503519,2.947907567078443,102.05349520860594,15.951717360880549,0
2024-01-08 03:00:00,74.02024038516974,2.311568672382181,98.89559039831845,15.966655349307821,0
2024-01-08 03:15:00,74.1075422704046,3.6129352150661123,100.88097787345512,13.704019337920954,0
2024-01-08 03:30:00,76.80890419637367,2.094818623402949,100.5643649325865,17.876669167372288,0
2024-01-08 03:45:00,78.37176815387662,3.308183189685127,101.80725815790726,13.243331416140055,0
2024-01-08 04:00:00,74.59058999755278,4.529473810116403,101.8142497118194,14.897797713352167,0
2024-01-08 04:15:00,74.77693725502391,1.9721896754029753,92.18263423741833,15.867476702358593,0
2024-01-08 04:30:00,76.3573081855642,2.4764025632688815,99.27850312455281,15.122548970549213,0
2024-01-08 04:45:00,75.32431498111524,2.674374203870738,101.5537125645344,15.31966060972534,0
2024-01-08 05:00:00,77.7902731802603,3.449344112231232,98.76863022688296,19.49614530341893,0
2024-01-08 05:15:00,71.43628137899766,3.207426571483033,100.10860791777948,16.486920242371816,0
2024-01-08 05:30:00,74.32320809261022,4.61930910535687,102.25209994503423,14.668220906572957,0
2024-01-08 05:45:00,74.43152221997383,4.263478663273358,100.24277569975649,15.025106899533585,0
2024-01-08 06:00:00,71.35824943968716,3.8962183568548783,104.5237582517046,12.891968909078381,0
2024-01-08 06:15:00,74.05714985446743,3.616504251475108,103.38095875684337,16.674635635349432,0
2024-01-08 06:30:00,74.1225007946138,3.814583821587862,99.6443075410857,15.262136562768427,1
2024-01-08 06:45:00,75.63248129754952,2.8104141157493,99.40586148782566,13.100914248140423,1
2024-01-08 07:00:00,78.32576462216751,4.18576828284529,91.4490276843959,16.970643904800124,1
2024-01-08 07:15:00,75.65839829313074,2.610364596512639,99.02049340932842,16.638596508994134,1
2024-01-08 07:30:00,74.11947384383275,4.168301595121784,95.94019332186842,16.92403187378197,1
2024-01-08 07:45:00,76.08408826416537,4.448914001695065,100.66368862600187,15.919542113471405,1
2024-01-08 08:00:00,78.29804170165966,3.6686916816704698,100.45861213336,16.095623157622672,1
2024-01-08 08:15:00,74.23482681465886,3.3590295528304193,102.08756726808033,18.37593202165369,1
2024-01-08 08:30:00,74.33861215302443,3.8202479266477387,104.19001141584458,15.398419401795786,1
2024-01-08 08:45:00,77.23651955869401,1.2107853039194616,99.92119171098409,17.298124701961626,1
2024-01-08 09:00:00,75.62338338987317,3.741806574788369,106.84124893576958,14.886401204071477,1
2024-01-08 09:15:00,77.2966193819007,3.4093168017281545,100.69735433565971,17.19341550941526,1
2024-01-08 09:30:00,75.89854807975522,3.4594975095544074,96.0693508188501,13.516555717929114,1
2024-01-08 09:45:00,77.24324195431954,4.065226010318262,98.31378437466964,15.371175615543999,1
2024-01-08 10:00:00,73.67464017803452,3.4401848627482177,98.88175989907653,13.142154607314756,1
2024-01-08 10:15:00,75.61728442464953,2.5878345146790735,101.77638145346013,14.590768822851524,1
2024-01-08 10:30:00,75.10950866219366,3.3868778633396976,97.1582502993121,17.18247070248297,1
2024-01-08 10:45:00,72.9823524826123,4.016094908083026,99.10607235157181,13.710999519523796,1
2024-01-08 11:00:00,72.16529431096633,3.59194712926481,99.51687915761174,15.422624655414072,1
2024-01-08 11:15:00,76.53781593830689,3.6295354938280546,98.65563757703337,17.893764293708063,1
2024-01-08 11:30:00,74.33553145115351,4.331495235934843,102.43424614503915,14.876684769288904,1
2024-01-08 11:45:00,72.86215623055853,2.631172357572682,101.92396416539607,15.927558396317195,1
2024-01-08 12:00:00,74.58292114983989,3.64056036493188,103.49970140531188,15.71063571694259,1
2024-01-08 12:15:00,76.90028312008168,4.5319437588945926,99.0069244566664,15.744740331899802,1
2024-01-08 12:30:00,66.8228262335119,2.112310802450244,103.6075827029437,14.572321254028964,0
2024-01-08 12:45:00,68.1337202145553,3.6437173446240427,95.90800874206886,16.60002319935437,0
2024-01-08 13:00:00,69.02766245080336,3.0316971984215653,95.83484709703043,13.15239536647818,0
2024-01-08 13:15:00,73.54705975713524,3.203431692421516,96.35859494172637,14.025316576876461,0
2024-01-08 13:30:00,70.94703780725882,2.7761539974284624,100.02763507789626,13.157239523694633,0
2024-01-08 13:45:00,71.68059617934986,3.364359427439645,103.60713434973327,16.395820808409788,0
2024-01-08 14:00:00,67.6376849362224,4.9730044915415235,98.19357375808111,15.38535691555925,0
2024-01-08 14:15:00,67.45990443352365,2.4884557110582293,98.56991978510669,12.832415930056193,0
2024-01-08 14:30:00,70.38543622154779,2.564311998016938,99.351946134072,11.311610542305317,0
2024-01-08 14:45:00,69.40794983139901,2.4584523438691965,101.71848437016297,13.210249839535074,0
2024-01-08 15:00:00,70.20208142789869,4.881934629302481,98.56712408993627,15.282405695080103,0
2024-01-08 15:15:00,68.55487536343784,3.1301282355829705,98.3997491262505,13.866377900557104,0
2024-01-08 15:30:00,69.32527678438242,3.4794887517218607,95.96381420992692,14.468104655447778,0
2024-01-08 15:45:00,68.93784901229766,3.177773647115008,98.28483666646864,13.296338076275902,0
2024-01-08 16:00:00,70.04424838516846,2.7444616972775266,103.532385258806,15.934408202615185,0
2024-01-08 16:15:00,69.98488384457065,3.3118794827084517,100.27277802543543,14.910252856003149,0
2024-01-08 16:30:00,65.02883301564893,6.150720709982657,97.78043646925626,13.788345113240382,0
2024-01-08 16:45:00,63.68774412843073,4.613656736779404,103.7084319181868,12.744921763069241,0
2024-01-08 17:00:00,70.11584068141698,2.817649745766182,98.24435949381945,15.22130444984136,0
2024-01-08 17:15:00,70.43453288832498,4.018059282449348,104.2598667384474,15.218217398768937,0
2024-01-08 17:30:00,65.981461973596,2.8347817818668988,104.2108209337003,11.802326649875127,0
2024-01-08 17:45:00,64.28371092331402,2.078905888923023,100.16803487912401,13.244707920056896,0
2024-01-08 18:00:00,68.19925635603569,4.315608734131704,95.50435141788493,15.047039164730487,0
2024-01-08 18:15:00,69.87780880699775,4.428074277314841,106.86850184603726,16.09605484139159,0
2024-01-08 18:30:00,71.64334363854924,4.33684180083832,101.16182816879363,15.517163813990342,0
2024-01-08 18:45:00,69.12971131505277,3.124107800624342,99.02833892583823,12.691037616418528,0
2024-01-08 19:00:00,67.41937382189957,3.366579412798411,102.86838374432517,12.408836152208867,0
2024-01-08 19:15:00,66.45868490262806,4.099812442926499,102.10690836106404,12.684883348909024,0
2024-01-08 19:30:00,68.36608346299039,3.8131968298784855,103.93281504965933,14.194020901101904,0
2024-01-08 19:45:00,67.85856093182124,3.1850900229623647,98.01295663396031,13.574214127584982,0
2024-01-08 20:00:00,66.55605044840358,2.204742543905468,100.95542023832317,11.681217036074704,0
2024-01-08 20:15:00,72.82742658060849,3.59110015531361,96.4423893092652,13.553647922709969,0
2024-01-08 20:30:00,72.45799811536152,4.363207711388891,101.9990031872237,11.98961677224843,0
2024-01-08 20:45:00,71.33084555549189,2.5419293687726743,99.93116389111844,10.120041280845552,0
2024-01-08 21:00:00,67.40074176157313,4.011007505340782,100.84302776646044,13.42254979403955,0
2024-01-08 21:15:00,71.14799567183783,3.765233356106954,99.5609508284786,18.224744264265635,0
2024-01-08 21:30:00,70.92370634502105,4.1001186105858665,99.24703353823492,17.372281189193455,1
2024-01-08 21:45:00,70.74613817962145,4.396106757120861,95.57712465977404,13.15649433570198,1
2024-01-08 22:00:00,72.5861393588315,2.944427806459718,98.73492700768907,15.400696753735367,1
2024-01-08 22:15:00,71.59151377812499,2.206432479868043,99.01456665567886,12.68058486836225,1
2024-01-08 22:30:00,72.04196054047829,3.0731843794536964,91.05726765054247,13.044423865856304,1
2024-01-08 22:45:00,72.08306939818983,4.211301854021606,92.5697124240042,13.22871192301138,1
2024-01-08 23:00:00,71.7432684570277,3.066396877179223,90.38745996488981,14.584732510445559,1
2024-01-08 23:15:00,67.75091421689568,2.9447653409138863,87.29702070677385,13.45158484975074,1
2024-01-08 23:30:00,71.74475223172712,2.042919726460289,80.87475825445131,15.302478625728423,1
2024-01-08 23:45:00,70.72631073637973,4.902118043640751,79.73157158303187,15.612717805470343,1
2024-01-09 00:00:00,69.54088874123083,4.160570913140248,79.47523596472712,13.756945237276513,1
2024-01-09 00:15:00,75.72564880772615,4.115916785019811,73.58298582928421,16.171997598311783,1
2024-01-09 00:30:00,76.07989940644963,4.115916785019811,104.22409218971684,14.583251061899574,1
2024-01-09 00:45:00,75.59757730803202,4.115916785019811,101.10310968753915,14.062527656023834,1
2024-01-09 01:00:00,73.64302196206083,4.115916785019811,99.91011685480264,13.244448069545784,1
2024-01-09 01:15:00,76.08244959309226,4.115916785019811,93.42929254219652,17.19860657962002,1
2024-01-09 01:30:00,73.64798951072979,4.115916785019811,94.5283874349388,14.98753508108657,1
2024-01-09 01:45:00,74.26520082826259,5.607792603532,99.99297583543913,12.872879854242173,0
2024-01-09 02:00:00,71.90041557267672,3.944729625039554,105.91146989645193,14.875491242777603,0
2024-01-09 02:15:00,75.10014563107566,3.1289596469188523,97.90406741238075,14.056811691643572,0
2024-01-09 02:30:00,74.63585436407108,3.8723974193330237,102.59139404323732,18.28132453768078,0
2024-01-09 02:45:00,72.1079170150785,2.691304865714946,98.56029277697512,14.16414252214331,0
2024-01-09 03:00:00,74.79733571371644,4.7036053748713815,100.1657177778666,16.861459692843614,0
2024-01-09 03:15:00,74.9143499875047,3.377770797502128,103.6440515466788,17.50774953732889,0
2024-01-09 03:30:00,78.8298349361514,3.9008683460979725,98.96214510950037,15.616557802009858,0
2024-01-09 03:45:00,77.17017735458727,4.352782103794508,97.9296852758436,16.665123882708244,0
2024-01-09 04:00:00,75.53718400791398,3.8078148353639945,104.25421166237429,16.891357054456414,0
2024-01-09 04:15:00,101.1293463841432,3.5755759934557108,100.13667346334078,16.41212317385812,1
2024-01-09 04:30:00,75.82210779338975,3.5086416678848122,103.27361527175849,16.688283476981653,0
2024-01-09 04:45:00,75.41376214177454,3.4548471224903143,97.94425331984594,14.029684552193633,0
2024-01-09 05:00:00,73.7242703570252,3.038641208857998,104.22002262688292,16.34833543667935,0
2024-01-09 05:15:00,75.63988514739538,3.1404132561842366,100.82088182360383,15.36271925295955,0
2024-01-09 05:30:00,74.48575945161207,4.683672298920748,101.30436287864397,16.26990467040983,0
2024-01-09 05:45:00,73.49624069031951,3.4131706938518747,100.39488793428752,16.82885547542305,0
2024-01-09 06:00:00,77.02109886004469,2.8713629844937816,98.4835750540105,17.509542419290817,0
2024-01-09 06:15:00,76.76582802843352,3.086961922510793,99.99495156851509,16.952827996764267,0
2024-01-09 06:30:00,72.37745300305318,4.380296544557779,98.67222928603191,16.076428345192728,0
2024-01-09 06:45:00,75.65613291971644,4.040485306531583,102.87863818793436,17.12945645674811,0
2024-01-09 07:00:00,77.82681559066157,3.948263342585806,99.39082849879401,18.99129641927436,0
2024-01-09 07:15:00,77.87133066401672,3.293983040872167,95.5104783166183,16.71032315001086,0
2024-01-09 07:30:00,77.70594074066474,3.958689976138356,94.96172879503214,16.957717712363007,0
2024-01-09 07:45:00,75.61781355054471,2.9851511000394817,94.81984554303872,17.48344427862758,0
2024-01-09 08:00:00,73.72044262953887,3.2923087749233804,101.85391227266183,14.78055137421639,0
2024-01-09 08:15:00,73.09906274220857,4.275843589913396,96.54548706587967,13.326817613645593,0
2024-01-09 08:30:00,75.79759583999696,4.199422143135251,100.9002573275157,16.87912401387324,0
2024-01-09 08:45:00,75.69554783079182,2.8282719448830265,100.40972355247423,15.799628822313629,0
2024-01-09 09:00:00,77.32766250277159,2.815578837673139,99.80587421527066,14.787007633229925,0
2024-01-09 09:15:00,76.75717153449888,3.5869617222507277,101.3152156101471,17.17796435441942,0
2024-01-09 09:30:00,74.08600554495254,4.880905899735608,100.47491061127158,17.772501186029636,0
2024-01-09 09:45:00,71.64522661268855,1.9675478684248047,91.87081077165715,12.448954164372935,0
2024-01-09 10:00:00,73.26945498156306,3.7226663516564034,99.02912427745453,16.91432398729364,0
2024-01-09 10:15:00,74.10798327024472,2.3991653347414816,101.27530940219029,11.826793707454891,0
2024-01-09 10:30:00,73.02803365246045,4.020095457073864,104.92084843226499,14.707980150465865,0
2024-01-09 10:45:00,72.02895215350046,3.226811634222116,105.05937284974749,17.769459514414006,0
2024-01-09 11:00:00,73.43797191063126,3.163593325250487,95.91054845924423,14.938905500420079,0
2024-01-09 11:15:00,96.66775288222415,3.0729632482726332,98.95082410206167,15.035233458398732,1
2024-01-09 11:30:00,71.16010607182653,3.505765648301096,95.301655558876,15.892331122708294,0
2024-01-09 11:45:00,72.7779296029771,3.071795546695537,104.55965522533025,12.65866860980215,0
2024-01-09 12:00:00,71.08915996882104,2.330034092116678,103.03856862444565,14.834890191905945,0
2024-01-09 12:15:00,72.11993312845598,4.123895690018221,101.05176366058953,15.132299546478757,0
2024-01-09 12:30:00,71.9182902081257,4.102297733719104,100.49828458378063,17.768968522310818,0
2024-01-09 12:45:00,68.83587435992511,4.174539448018136,104.14189330104843,12.197151061480799,0
2024-01-09 13:00:00,69.89889495833972,2.267412402988734,103.63397558428042,13.797359512826734,0
2024-01-09 13:15:00,73.48845656514708,3.739134522067321,103.47413408996836,14.054003283308699,0
2024-01-09 13:30:00,68.04621484483899,4.040783084645539,101.37003957934678,12.262246747914627,0
2024-01-09 13:45:00,65.90152144768288,2.675038345248332,98.95231510145751,14.86156052490173,0
2024-01-09 14:00:00,66.18359144734207,3.5073385985457035,102.30137449605267,13.295054687203846,0
2024-01-09 14:15:00,69.74692336085516,3.4069866837517075,102.44812571576534,13.490726213616767,0
2024-01-09 14:30:00,69.54186696544495,4.973720526854611,99.42808759122413,13.485791237919681,0
2024-01-09 14:45:00,69.04694132343012,5.039596829610058,98.94625324349728,13.26924178161094,0
2024-01-09 15:00:00,71.5243231549428,2.1685148853358394,103.39993980867463,14.146592180371302,0
2024-01-09 15:15:00,63.57650314997118,5.4951416045823915,104.99234832630881,10.576282928557458,0
2024-01-09 15:30:00,69.55346120098335,2.767819423077341,97.7518126572557,13.877944046447205,0
2024-01-09 15:45:00,71.73777251848288,4.28453863546194,99.20986997365608,14.382521718066648,0
2024-01-09 16:00:00,66.22714728360252,4.276398384690985,101.0527992293641,12.131449125475742,0
2024-01-09 16:15:00,67.60598513666,2.7034478185265547,101.45979699324583,13.914364925455462,0
2024-01-09 16:30:00,66.75828230845875,3.894614235071279,98.43290092227612,13.787318912714861,0
2024-01-09 16:45:00,66.38985587989166,3.413973004587149,105.65056189103213,12.481985942529935,0
2024-01-09 17:00:00,67.45688620586836,3.9434640037059125,101.26628579663551,13.420864635611126,0
2024-01-09 17:15:00,70.91191979654894,3.6845378419045005,101.59415022541165,17.911511529315966,0
2024-01-09 17:30:00,71.69616323355164,4.4570715882961975,105.27665224453526,18.0894988579687,0
2024-01-09 17:45:00,67.33100614893587,3.56031963451685,98.65281512426623,12.018166559486158,0
2024-01-09 18:00:00,71.81163312836638,3.365700744458951,99.73470437067317,13.571818588627076,0
2024-01-09 18:15:00,68.08843302076784,4.5060337685008385,96.24003331293511,12.237424990742356,0
2024-01-09 18:30:00,71.55750116627269,3.9643167718868826,99.48294858323926,16.452831259840167,0
2024-01-09 18:45:00,67.91329177663236,4.085450715456711,95.53321742819391,13.176193583626167,0
2024-01-09 19:00:00,68.42849227226831,2.9683306621931225,102.24354806257952,14.288059047074945,0
2024-01-09 19:15:00,68.98024569617274,2.937537994052688,101.25999025020998,17.089524708773148,0
2024-01-09 19:30:00,74.70600139486145,3.045822285397839,99.16879207888438,15.79610322699274,0
2024-01-09 19:45:00,70.1655152799217,3.003342891455529,99.69872887654645,15.509027666612495,0
2024-01-09 20:00:00,67.17822653285482,4.128959414922331,102.28439924556697,14.334099083807036,0
2024-01-09 20:15:00,70.6751677355524,4.280787240235242,96.59261173933031,13.720224293121799,0
2024-01-09 20:30:00,68.17190923093051,5.076346357647013,100.61250360235756,15.440315366891943,0
2024-01-09 20:45:00,68.0877831756711,4.740278727819354,102.09852941937623,12.551783739051054,0
2024-01-09 21:00:00,71.0687664030223,4.594775515012104,94.65317776777827,16.730449600572953,0
2024-01-09 21:15:00,69.50979600065102,3.694719133120431,102.05481401710605,13.371762352381626,0
2024-01-09 21:30:00,70.21177839230597,2.842486582765568,94.9778126102153,13.74658193688765,0
2024-01-09 21:45:00,69.89965204150577,4.760301319548432,99.6472165484454,12.737163877011543,0
2024-01-09 22:00:00,70.7710257889893,3.4511861191772732,96.50982668771432,13.244918620471822,0
2024-01-09 22:15:00,71.18212267460129,3.6009321571447797,104.29373973787004,14.114490318887583,0
2024-01-09 22:30:00,66.69973731758895,3.228315979514745,96.52863683754296,9.762898358410768,0
2024-01-09 22:45:00,72.1544106926166,2.788167738962242,95.04943032410385,14.696324696021582,0
2024-01-09 23:00:00,69.10987326035125,2.3250884557477667,100.40005642478894,13.371000622243098,0
2024-01-09 23:15:00,68.44593019127929,4.006294658845831,98.75889105993753,15.118795705301535,0
2024-01-09 23:30:00,71.47319198487632,2.8732791568827034,95.4861843140082,15.476428702998136,0
2024-01-09 23:45:00,72.01921986669939,5.947624983197459,101.57744559746455,13.94430981336087,0
2024-01-10 00:00:00,70.7261264922681,2.631141133910017,94.02550281265096,13.930011808541568,0
2024-01-10 00:15:00,74.03659853561997,2.494094020014904,96.89127708225062,15.259052502904646,0
2024-01-10 00:30:00,69.94997506636778,3.908110972490753,98.27434518873764,16.613927351624106,0
2024-01-10 00:45:00,72.07750948430176,4.723450783173837,102.40666717646542,27.57959164921173,1
2024-01-10 01:00:00,71.97489937739377,3.551671725554577,103.88640510103946,13.91282881579215,0
2024-01-10 01:15:00,73.29981731155625,3.9577939361498196,103.30834674198272,13.697068966041149,0
2024-01-10 01:30:00,74.19309365418879,2.0251620660330323,99.5401786286133,13.43486887710236,0
2024-01-10 01:45:00,71.85494252831167,2.9579907634465865,92.71807526561453,15.416988193931742,0
2024-01-10 02:00:00,75.54663836491586,2.6411074166899464,101.17255906365567,16.368346506084574,0
2024-01-10 02:15:00,74.44242907058614,1.983963320041695,104.41172121767384,17.65687150042887,0
2024-01-10 02:30:00,70.74095394340284,3.6227270600260892,103.7013712234407,16.184399694611248,0
2024-01-10 02:45:00,70.80526308919421,2.083990091678877,101.38884702923116,18.237253998555975,0
2024-01-10 03:00:00,74.88373730997853,2.442243227130041,96.43149170698464,15.754312041681915,0
2024-01-10 03:15:00,74.63990461502036,3.0702449647892656,98.42407898911476,15.401177038811797,0
2024-01-10 03:30:00,75.03525226730255,2.8349713312391387,105.80144319623702,13.960236162490727,0
2024-01-10 03:45:00,75.33248379886166,3.8171268017656543,95.7498113960076,17.044612390872985,0
2024-01-10 04:00:00,75.971400235266,37.825874886960015,96.55647631554885,16.36922143274931,1
2024-01-10 04:15:00,77.5323221581765,42.150389967483655,102.82765465349586,17.636596104968973,1
2024-01-10 04:30:00,73.51596564788119,41.019069861701425,98.70652226558342,13.746103365506757,1
2024-01-10 04:45:00,73.47936132025019,44.12650231489104,96.45473463338614,15.971214679615107,1
2024-01-10 05:00:00,73.70539749134419,3.4984652799927565,104.58391353616905,15.81941867433417,0
2024-01-10 05:15:00,76.5219362345461,3.7427735206533357,101.38316793443542,16.565133430204362,0
2024-01-10 05:30:00,78.46914920057343,3.909210961535353,98.85459650686846,15.915845897886241,0
2024-01-10 05:45:00,75.13467028496802,3.6133253579128204,96.56267549230145,17.724388058320503,0
2024-01-10 06:00:00,70.99490980451299,3.182244552066341,106.14221969157981,17.773934309820913,0
2024-01-10 06:15:00,72.57414559581517,3.234045972528184,99.92664454376018,13.506727639298127,0
2024-01-10 06:30:00,74.2828105471859,2.8459532813360275,104.19198418740848,16.76550913354521,0
2024-01-10 06:45:00,74.7832522456578,3.837293463927864,102.68090063382832,11.518200446686757,0
2024-01-10 07:00:00,75.01504721772596,3.4247878607318754,98.4372953150103,16.907429089541477,0
2024-01-10 07:15:00,75.82567629421477,2.969460999490588,98.46117665503066,13.342470963451799,0
2024-01-10 07:30:00,75.02564319196964,29.702041445403257,104.33894469380176,15.120241935742003,1
2024-01-10 07:45:00,77.63279508781312,25.31681017773769,104.38755199785993,14.720301533712561,1
2024-01-10 08:00:00,74.05191250219436,42.830730729897596,94.3692520716378,15.292156508234212,1
2024-01-10 08:15:00,73.53455163536232,3.56289413562543,101.64934078294658,16.718556038160436,0
2024-01-10 08:30:00,76.0582087688189,2.809759984341384,99.63635558582914,13.431492735055135,0
2024-01-10 08:45:00,71.8571537717113,4.146838199681614,96.90003051118448,14.41792659723993,0
2024-01-10 09:00:00,75.52324897632242,3.051640952164502,100.78523828415159,15.286921539672642,0
2024-01-10 09:15:00,74.75263817938591,2.374799498390214,95.95120962704081,18.197364479623587,0
2024-01-10 09:30:00,74.04539324281694,4.316977831375306,98.6006339360617,16.26125948462051,0
2024-01-10 09:45:00,77.29954539166845,3.0703224083471095,97.6045788016901,14.8240379475904,0
2024-01-10 10:00:00,72.65219316422943,3.1728807278329683,98.50062620753201,14.48871638072323,0
2024-01-10 10:15:00,77.78268958169505,3.532944016279342,99.78556451901403,19.068963232086812,0
2024-01-10 10:30:00,72.96959106945842,4.414071378232092,96.95330001428354,16.36242529599856,0
2024-01-10 10:45:00,70.61869311828754,3.6053009285706468,104.7195370866199,13.20825774187813,0
2024-01-10 11:00:00,73.05981039395787,2.5407062990838156,101.47984970018237,14.917337310612728,0
2024-01-10 11:15:00,70.51078265601329,4.153037305140924,105.38368908514616,14.200571074191766,0
2024-01-10 11:30:00,70.90022010729744,3.1120082205906208,99.51976009276594,13.863093141455524,0
2024-01-10 11:45:00,72.93652657814607,5.010339177223573,98.35363011310868,12.715639738961288,0
2024-01-10 12:00:00,72.99174168483368,3.4991042224016877,105.27524684347908,28.562179864730307,1
2024-01-10 12:15:00,70.37487153347642,1.7119716016810669,98.26582078037805,16.59626041884099,0
2024-01-10 12:30:00,73.33427889615335,3.785891977724539,99.46512393403263,14.82856693825424,0
2024-01-10 12:45:00,73.4174913918748,5.055678233808183,102.16014223149195,15.270366971871063,0
2024-01-10 13:00:00,73.72193383966723,4.7607362308363115,96.28682257510816,15.72736862218053,0
2024-01-10 13:15:00,71.65994386497604,4.964763431005252,102.13388405438096,18.225195251561,0
2024-01-10 13:30:00,73.0857574232141,2.684191851694829,101.7500411984938,15.339039384089673,0
2024-01-10 13:45:00,66.36212056376613,4.229721916781423,103.8079759541135,14.949554199505105,0
2024-01-10 14:00:00,69.2607643108764,2.9224043682106307,102.67013350903042,13.280959035186125,0
2024-01-10 14:15:00,67.94444307308441,3.6794315195335394,103.8999350586327,13.394234031171589,0
2024-01-10 14:30:00,69.708732648864,2.481638057008214,99.66873429847477,14.331448879324627,0
2024-01-10 14:45:00,68.13005331143684,2.984435388093827,97.41198904387882,12.677816580656975,0
2024-01-10 15:00:00,68.75499621065035,2.9590026421091076,106.32995624225009,13.720922192290669,0
2024-01-10 15:15:00,72.67850685478676,4.218844224114093,95.4199131534341,16.53562846015593,0
2024-01-10 15:30:00,68.4147899736804,4.140575297335724,95.72046076337858,12.723890150466294,0
2024-01-10 15:45:00,69.43579946468782,3.7214557834646564,101.69538412152649,14.230873385851803,0
2024-01-10 16:00:00,68.0122001089091,2.4196628655556918,104.87495814453204,14.866760360156627,0
2024-01-10 16:15:00,68.51179152168737,3.2506884528402242,100.5686525377425,12.716838383287094,0
2024-01-10 16:30:00,68.27162555133036,2.9031068136458194,102.99791109910662,15.524608354321542,0
2024-01-10 16:45:00,69.07150059086052,4.195740605355593,94.01259181758412,14.230775396825141,0
2024-01-10 17:00:00,70.43712405378709,4.442547882253748,98.50136511345659,14.283453371127193,0
2024-01-10 17:15:00,71.34964270703014,4.345108468824707,94.37815657857023,11.79267110340872,0
2024-01-10 17:30:00,68.6393512229212,2.8958244644663838,102.34123287468599,13.431386703856152,0
2024-01-10 17:45:00,69.18152072309307,1.3083735021684166,95.35830602023296,14.711844841145878,0
2024-01-10 18:00:00,65.70014917103089,2.0864304814959564,96.16654346190205,15.728062279512967,0
2024-01-10 18:15:00,67.8427136416444,4.637301582465767,101.54207561488421,14.604647823660738,0
2024-01-10 18:30:00,69.9327015845703,3.178996048544141,103.18547305605318,16.06913482303861,0
2024-01-10 18:45:00,69.83463778890479,2.8994203053879097,99.52309567531235,12.536734476238527,0
2024-01-10 19:00:00,68.59320336505094,4.980052980385601,101.71051751232552,13.78772726603585,0
2024-01-10 19:15:00,70.02647233008477,4.512127956390661,101.61336450061927,16.23906136251873,0
2024-01-10 19:30:00,69.3349766875228,3.519558977535829,99.35371942167258,12.868892680656954,0
2024-01-10 19:45:00,70.86944538164009,3.265277527148821,96.71588355134125,16.10866755795168,0
2024-01-10 20:00:00,69.17807690134859,3.3943190297494996,101.69467422065392,15.253399867305076,0
2024-01-10 20:15:00,68.03306431499949,3.6817302387099726,101.83928707232525,14.222004767174578,0
2024-01-10 20:30:00,69.57520048293787,4.780037825055686,102.68207320927078,13.7795062071774,0
2024-01-10 20:45:00,63.21465911655436,3.8379739393897814,100.93619927223669,10.884955003107656,0
2024-01-10 21:00:00,70.02648343515803,4.080823226431313,96.49450025956202,17.07101397170238,0
2024-01-10 21:15:00,62.16049219266695,4.4354160872561375,102.07102048410754,12.99594143438613,0
2024-01-10 21:30:00,66.21789595678283,2.564259199180465,99.99585675931498,13.776292974048022,0
2024-01-10 21:45:00,70.78587449288376,4.103889513979235,98.55178766702997,14.016487725561753,0
2024-01-10 22:00:00,71.06398771349242,3.445270492301354,99.11609248841886,14.776003758432694,0
2024-01-10 22:15:00,68.01876918385132,1.487123843381787,97.92922846482887,14.052706660110445,0
2024-01-10 22:30:00,69.16122030574951,1.7974643664113503,102.66653133656328,14.748179618825212,0
2024-01-10 22:45:00,73.57436750185533,3.8875318530844765,95.74565579925994,16.5738206832645,0
2024-01-10 23:00:00,70.11808744511555,3.9249785828740653,97.01954219558074,13.261718944752028,0
2024-01-10 23:15:00,75.8287676873043,3.591039652272237,99.01368134598492,13.948734857960785,0
2024-01-10 23:30:00,71.59868321236976,3.647493365740531,104.841252544717,15.006026240621175,0
2024-01-10 23:45:00,72.67989488931951,5.060754786149354,103.16284164727854,12.58314246080871,0
2024-01-11 00:00:00,75.35945466555971,2.48472830811215,95.07747759025833,15.522344907177455,0
2024-01-11 00:15:00,72.64910460362366,3.478053316653021,104.05404126625746,14.430946635919453,0
2024-01-11 00:30:00,70.64204784535855,3.7435484182510526,104.04826065095105,15.330236641910068,0
2024-01-11 00:45:00,72.68419414633173,2.9109815067693314,96.47797502193207,18.179153797128986,0
2024-01-11 01:00:00,73.0854673852744,3.522661396066353,92.43562518821066,12.40875427972698,0
2024-01-11 01:15:00,70.67528728685396,2.220040532732524,99.78333513295827,18.01386373153379,0
2024-01-11 01:30:00,73.1351667210352,4.627924973820022,103.36727322789946,14.990937277632023,0
2024-01-11 01:45:00,72.3974479108441,2.954708357975653,104.7737859094006,15.640947396512098,0
2024-01-11 02:00:00,75.95748249292477,5.125120131822802,97.38751820691625,14.064996511441857,0
2024-01-11 02:15:00,74.39588650907372,3.474020540866036,105.2559373139889,17.214073308061597,0
2024-01-11 02:30:00,73.9689939503829,4.322442852319346,93.3162028125499,15.652906989642455,0
2024-01-11 02:45:00,74.51927993365175,3.4573577048070767,98.89584815851214,15.663582863313094,0
2024-01-11 03:00:00,75.36323715791507,3.4754049341915763,98.74836799235275,13.102893475020089,0
2024-01-11 03:15:00,76.32346733839884,3.0327765334223935,103.45701107477291,16.407735422290795,0
2024-01-11 03:30:00,73.25001589853659,3.595299143493022,103.89490739781934,16.643747255285838,0
2024-01-11 03:45:00,73.31193798495268,3.754398955531238,102.86267096630019,15.039163442261021,0
2024-01-11 04:00:00,77.7355916350476,2.872593192867856,95.94834985376232,18.481976508980505,0
2024-01-11 04:15:00,74.81756443613834,3.399964467312093,102.58785709539677,17.544612088678548,0
2024-01-11 04:30:00,72.90894674585306,3.011920907154309,101.52712590578048,14.311040949644646,0
2024-01-11 04:45:00,76.71460654726944,5.339731255691871,94.98629684416123,18.807052752376922,0
2024-01-11 05:00:00,76.82166682314491,34.28215384070705,93.79895851359494,16.514442493431098,1
2024-01-11 05:15:00,72.88474741763554,47.36185721357248,103.11396787006233,15.340042101472408,1
2024-01-11 05:30:00,76.43947703963326,36.95347313885128,99.45970209706226,16.480314945794074,1
2024-01-11 05:45:00,77.46895324788082,3.707430113227926,96.14445372263538,16.744659600775933,0
2024-01-11 06:00:00,76.7466971569357,2.4429087426837848,99.37548421387369,12.478809112092945,0
2024-01-11 06:15:00,77.2448875596676,3.142341926505708,101.09212324333961,16.2952066706157,0
2024-01-11 06:30:00,73.13832275069113,3.6684277366313975,99.75144661999735,13.295577117713659,0
2024-01-11 06:45:00,76.5579596393807,5.231289600880452,95.34404154062175,18.806891445137726,0
2024-01-11 07:00:00,75.22295875026073,3.677586222141017,105.65667071069232,18.34601211266002,0
2024-01-11 07:15:00,74.77852755948814,4.6069762889543995,103.01265390696368,17.111465766529825,0
2024-01-11 07:30:00,77.38507981963409,4.012583288162336,98.9938676449796,16.257822789881892,0
2024-01-11 07:45:00,78.48675870285604,4.801921071571749,99.11471603229313,15.434005205951264,0
2024-01-11 08:00:00,78.9860674216332,3.4527662261559557,61.44520539322003,16.109448724576552,1
2024-01-11 08:15:00,77.88149825565756,5.412178168521443,96.61113581277901,19.67841233633632,0
2024-01-11 08:30:00,74.87303035891043,3.1116830376687017,100.96802930961091,14.823613027893188,0
2024-01-11 08:45:00,75.62529945569416,2.8868305326418646,96.0078026894177,12.554196805129154,0
2024-01-11 09:00:00,76.26834948742531,2.531957720248773,99.7883973494645,17.825753108955684,0
2024-01-11 09:15:00,74.78018212037854,5.3648197372464566,96.49428550042943,18.084809306540404,0
2024-01-11 09:30:00,74.59159884239862,4.155558058094318,96.64574805301986,18.266303183469372,0
2024-01-11 09:45:00,75.75983327402756,3.232703413295753,104.93716784085463,17.68547198858226,0
2024-01-11 10:00:00,73.76696390451242,4.499218157498796,100.17767768285366,17.332368687205896,0
2024-01-11 10:15:00,72.19207530731704,4.050153748094226,100.62221945620351,15.137023703275425,0
2024-01-11 10:30:00,72.57974762758124,5.072901977100472,93.96586041675603,12.059480853036879,0
2024-01-11 10:45:00,74.42852081635243,2.2617337338080707,98.20899472443686,15.77037780715575,0
2024-01-11 11:00:00,72.91371767681368,3.2877119133485966,101.38363635611304,16.206474461673228,0
2024-01-11 11:15:00,73.33129114920452,3.1299828928457396,100.58240879784252,15.19648225991198,0
2024-01-11 11:30:00,73.73137986231838,1.9210538588731187,93.53791053593888,15.24815978058609,0
2024-01-11 11:45:00,71.38021168863514,4.578312527150777,100.62141374997124,13.367886448063059,0
2024-01-11 12:00:00,73.38050739307833,3.2836827553573134,101.09967641064907,13.91154410301546,0
2024-01-11 12:15:00,72.36437848642228,4.091704963989249,103.8512859945961,17.86653631807579,0
2024-01-11 12:30:00,68.87743520398945,5.38781754746369,98.03430664318498,16.87475011601705,0
2024-01-11 12:45:00,73.97483783899493,3.2174050465379134,93.27379383959298,15.588480654829324,0
2024-01-11 13:00:00,69.83580532750726,3.1630776138742758,97.00968774458454,14.773027005891569,0
2024-01-11 13:15:00,67.2791545499914,3.5949313357791968,96.70880488339432,12.112459279441893,0
2024-01-11 13:30:00,68.25735492180887,4.289797882386727,102.21012663333993,14.841068751451841,0
2024-01-11 13:45:00,68.07053270913153,3.04662957975188,91.84979023481405,16.46063357016076,0
2024-01-11 14:00:00,69.99024048046194,2.9952307222942953,98.65493061978214,12.103225974221541,0
2024-01-11 14:15:00,69.12052562832403,4.345751416193092,104.27738642073176,14.831982638050802,0
2024-01-11 14:30:00,68.78689050084971,3.8029114590704287,100.0216373885009,14.844600514222472,0
2024-01-11 14:45:00,70.5031713381455,1.8642173895961434,102.68895044852927,15.342361173777537,0
2024-01-11 15:00:00,69.7584597902235,2.5196865604247134,95.07460499934673,16.791764438839753,0
2024-01-11 15:15:00,69.53826840037136,4.700988691061768,95.19403146038103,17.315507838368138,0
2024-01-11 15:30:00,69.56655466208028,3.82154262646305,104.3117273735357,13.91974088181509,0
2024-01-11 15:45:00,69.83383639079449,2.890243255170201,100.30364609727177,15.359911425472882,0
2024-01-11 16:00:00,64.2548968485395,3.363672274212014,100.30982308662743,12.80281961315094,0
2024-01-11 16:15:00,67.626291184456,3.525277611893128,96.64554151567901,12.739714415927255,0
2024-01-11 16:30:00,63.89473506228051,4.088586688224131,100.3023451868507,12.974641754005676,0
2024-01-11 16:45:00,68.2433145898202,2.4133892841129683,96.56218729497971,14.880243669696434,0
2024-01-11 17:00:00,68.0943802706628,2.8272406890636335,103.56061134671695,14.153707109324317,0
2024-01-11 17:15:00,70.14386372000385,3.718364603890711,108.18349212960452,13.121387301771978,0
2024-01-11 17:30:00,70.39414034027783,3.4201323356036397,101.45182316099599,13.822901142299832,0
2024-01-11 17:45:00,68.40755889344842,3.957487346109368,98.09516084361537,13.23840653777254,0
2024-01-11 18:00:00,67.0015610231104,2.516394082112322,92.39902500851602,12.236802374537062,0
2024-01-11 18:15:00,68.99001574669182,5.338372566529465,94.94660765637298,14.56731409641605,0
2024-01-11 18:30:00,66.99832992503582,4.373266895501978,104.6645854930814,14.126667121950362,0
2024-01-11 18:45:00,68.10276514858108,3.889454837719427,96.91242447018678,15.30010594590512,0
2024-01-11 19:00:00,70.14590165120893,3.6112893918092737,98.88749535494047,13.157336973121733,0
2024-01-11 19:15:00,67.14256639065658,3.4232931179472232,101.96597792373754,12.676551887853785,0
2024-01-11 19:30:00,69.96998580748871,2.8321190777827985,104.44686939808538,16.72284992014347,0
2024-01-11 19:45:00,69.8295592234667,3.442401126048169,99.40123923650849,14.10212397093063,0
2024-01-11 20:00:00,66.6964115443953,4.507764682304325,98.7859993910019,13.45412000719604,0
2024-01-11 20:15:00,70.69957031672831,3.4047771947199,100.21486308553204,14.34721551292502,0
2024-01-11 20:30:00,70.30862491539894,2.788156808521272,98.11708655008235,16.192133702702147,0
2024-01-11 20:45:00,69.28829285887444,3.106202328987691,98.27854239012113,15.944200878734875,0
2024-01-11 21:00:00,67.74524038820542,3.660680237820744,101.23564035260162,15.393384267344896,0
2024-01-11 21:15:00,67.74862394429358,3.2011888022553223,100.55587455350346,13.764438600324398,0
2024-01-11 21:30:00,68.59971689641998,3.8882426264505128,106.39481591967575,12.67126110269249,0
2024-01-11 21:45:00,70.97820283220449,3.9182750085992244,101.31654644990628,17.58128046630023,0
2024-01-11 22:00:00,68.20876689012147,4.211186544323718,103.45343664428148,15.147093532469716,0
2024-01-11 22:15:00,71.23010346986844,4.638847577812026,96.7861444698306,14.084042568871947,0
2024-01-11 22:30:00,68.11368051352014,4.296686979497888,101.57547187009081,15.969832424472658,0
2024-01-11 22:45:00,70.43718005150339,2.752608748681632,97.83105596019682,21.294134390092175,1
2024-01-11 23:00:00,71.31768785403723,2.777172442738982,101.18635978988968,16.911361460994154,1
2024-01-11 23:15:00,76.24559244425092,3.4393828188321405,102.06554379434452,31.139671001491987,1
2024-01-11 23:30:00,68.86040398067466,3.1390597142084684,100.14960653200443,12.675897036680814,1
2024-01-11 23:45:00,74.82041768938535,2.589338618431246,107.22197716442437,28.558941790010707,1
2024-01-12 00:00:00,72.43795650177911,3.1466465646616046,104.28393930732535,16.304673006475728,0
2024-01-12 00:15:00,73.2219059343677,3.120389653104769,103.53173599848729,19.288935579689806,0
2024-01-12 00:30:00,72.895835651738,2.962521808191035,102.29285857711004,14.155299019070613,0
2024-01-12 00:45:00,73.80534582640757,4.055760095729676,105.29008245319014,17.690418663413016,0
2024-01-12 01:00:00,72.86134843184877,4.442760680254665,95.68909210759236,15.284423556604962,0
2024-01-12 01:15:00,76.3246358148007,3.6593904329993916,104.11084935397173,14.435344469069356,0
2024-01-12 01:30:00,72.74533808426847,5.477447260844375,97.02626706400143,15.043620670529108,0
2024-01-12 01:45:00,76.15738632296778,3.6364065488157196,98.30698264279981,16.250913038539895,0
2024-01-12 02:00:00,72.83070587316332,3.2679473808501984,101.684177332185,13.660876472276064,0
2024-01-12 02:15:00,74.2163745084845,3.5033063061238927,103.69966049653218,16.133172780822644,0
2024-01-12 02:30:00,72.40037430237975,3.705193582754832,96.53927010495411,16.556826173961795,0
2024-01-12 02:45:00,75.65086207329867,3.8482031657368507,98.46236536696681,16.45255960308262,0
2024-01-12 03:00:00,77.81583344186576,5.161369060687219,100.29259621750393,15.931983898489914,0
2024-01-12 03:15:00,74.94309574182255,2.823743628017945,99.44090198591286,15.660220619936315,0
2024-01-12 03:30:00,74.8629847171319,4.187236846542189,102.56209618370556,15.85208037994939,0
2024-01-12 03:45:00,73.17251032040187,3.666200478091299,110.30778284795356,15.677735537342134,0
2024-01-12 04:00:00,75.07356570780811,2.243121805943506,101.25796212557763,17.586815855702483,0
2024-01-12 04:15:00,72.46182891977789,4.1165590256758104,97.79441068551306,15.5464583060125,0
2024-01-12 04:30:00,73.92129346371736,4.514098848643124,96.11047500808301,13.472343096170643,0
2024-01-12 04:45:00,76.28419203461515,3.4272225331549357,99.02423825924318,15.441776002401507,0
2024-01-12 05:00:00,78.53579713069358,3.4928529056864233,97.17925034191363,17.209770715553027,0
2024-01-12 05:15:00,81.56663570038876,2.1197165903938373,101.40264937592627,19.5561774375478,0
2024-01-12 05:30:00,74.8085632786119,2.492954832252531,101.35606490735267,17.789338645888396,0
2024-01-12 05:45:00,78.86878578186152,4.338423662093803,98.61049538642513,19.722663746939638,0
2024-01-12 06:00:00,76.48500447763149,3.1268667951940525,105.95486504135135,16.541422939658407,0
2024-01-12 06:15:00,75.6771832403228,2.6129576200495688,97.79365804228031,17.248118735350584,0
2024-01-12 06:30:00,76.80998781151239,3.683568291566744,99.64170679630547,14.261304041849263,0
2024-01-12 06:45:00,76.01684311625256,3.0820700548551816,101.91748799766945,16.84987529461799,0
2024-01-12 07:00:00,76.04532569680975,3.123342673779571,102.67616468130949,14.600701556851632,0
2024-01-12 07:15:00,74.92299839015483,4.091460820539923,103.8327295646296,15.783090723414325,0
2024-01-12 07:30:00,72.84254602788661,2.570613312852523,101.28548943697972,19.797521391674195,0
2024-01-12 07:45:00,72.43501823439139,2.775707829854534,103.152738102364,15.585836824603062,0
2024-01-12 08:00:00,76.6971637140659,3.623263993719095,98.00467548391619,15.113429285449275,0
2024-01-12 08:15:00,74.69114516392025,4.275527832598565,102.75424588105115,16.419027058112935,0
2024-01-12 08:30:00,73.89233140099276,4.49052824119188,102.7141874504692,14.792086640413796,0
2024-01-12 08:45:00,74.92826275449548,2.9679506237107014,104.53866002426061,14.437362656612317,1
2024-01-12 09:00:00,76.31537941042995,4.249901573535718,93.17651020513256,19.44932312321474,1
2024-01-12 09:15:00,74.8888234452923,2.872686165223673,93.64208701683316,17.46686507298782,1
2024-01-12 09:30:00,73.00772981734696,4.96096747752544,97.01487745355645,15.820623882697705,1
2024-01-12 09:45:00,76.55422588580015,2.592983179664217,84.77317928762854,15.778532830368732,1
2024-01-12 10:00:00,77.03280271623768,4.562783048633385,92.38510943045596,16.043656590413004,1
2024-01-12 10:15:00,74.6283021225831,2.974811114545021,92.2703223657032,18.102213437041154,1
2024-01-12 10:30:00,75.34424665612714,5.11059716383568,85.54360153007596,16.463140303334995,1
2024-01-12 10:45:00,75.63258264006433,3.9730565830819877,84.16397545420972,11.465567077596079,1
2024-01-12 11:00:00,75.15568062176327,2.6871867764734225,80.41395159464393,19.578111960017235,1
2024-01-12 11:15:00,73.86666125824556,3.0822092163659947,80.2535404589876,15.834591912932094,1
2024-01-12 11:30:00,73.57540118199222,4.124944964178994,78.52229449411473,15.987673863199891,1
2024-01-12 11:45:00,73.1566491141483,4.342115534092449,97.95147617660344,16.977036954396684,0
2024-01-12 12:00:00,69.66077057899112,3.4434275266204297,97.7869654666465,14.996335414664715,0
2024-01-12 12:15:00,72.9956298244085,3.5357266247707733,99.18698564533481,16.419051873897764,0
2024-01-12 12:30:00,68.62303265800088,4.106682426115253,99.15068705303163,13.351324596352876,0
2024-01-12 12:45:00,69.48879071522782,3.6054387416086557,105.62239569958317,12.401944228618767,0
2024-01-12 13:00:00,73.43240092603246,2.4651961125292994,98.81744457064897,15.850069450019532,0
2024-01-12 13:15:00,72.25802768391331,2.8496207802878555,101.03245064857558,17.224830283585877,0
2024-01-12 13:30:00,73.31079758869116,3.688095954521332,98.2693511005711,14.421535439032672,0
2024-01-12 13:45:00,69.55819852017781,4.472385933198155,98.23121267247564,13.175423563823678,0
2024-01-12 14:00:00,67.57073348186212,4.792785939329638,94.88688838680213,15.502748935128542,0
2024-01-12 14:15:00,69.17714833565361,4.12362353661716,95.28590125656672,13.467276692984445,0
2024-01-12 14:30:00,69.65491562851825,3.729832608829091,96.37900516104101,13.680634817803872,0
2024-01-12 14:45:00,69.41258752974758,4.099051108785981,100.55109050428021,13.664059849504913,0
2024-01-12 15:00:00,71.33749605945548,2.9665993198345153,103.22852096585376,14.703777346350924,0
2024-01-12 15:15:00,68.17567793916457,3.3774152317934285,94.64000641931345,11.492246237896314,0
2024-01-12 15:30:00,69.44366701086723,2.8406954229284187,98.35276959595355,13.424089934447728,0
2024-01-12 15:45:00,66.61769855513089,2.5010059114338308,95.89932787194896,13.73086159524885,0
2024-01-12 16:00:00,69.36553771812106,3.766839209308964,99.20716871759934,14.544518219698562,0
2024-01-12 16:15:00,68.35622354159082,3.648410645267795,103.22730848112145,15.643856641346627,0
2024-01-12 16:30:00,66.7511285125859,4.05012198760721,98.65935279517608,16.184426887067975,0
2024-01-12 16:45:00,67.6959161157646,3.936889464713958,99.85744908340091,15.977500004725984,0
2024-01-12 17:00:00,67.7324704484229,3.6941154170590895,104.36568518917694,15.091719710637772,0
2024-01-12 17:15:00,67.51047236661644,6.373289794274118,101.37370279152373,13.430039823834122,0
2024-01-12 17:30:00,71.56035386655576,3.4658535230180187,97.7197244325496,13.933502555031406,0
2024-01-12 17:45:00,67.804738136297,3.8303131161779205,100.47674585750717,13.768239089651704,1
2024-01-12 18:00:00,67.64537022399693,2.9190844778509124,97.51735296579312,14.532848787075816,1
2024-01-12 18:15:00,64.08692689005365,3.795764740511304,101.26144603820799,13.780723894819378,1
2024-01-12 18:30:00,66.65913637120241,4.034734148228807,101.54602046221828,14.21497820728667,1
2024-01-12 18:45:00,68.1040311474974,2.9642548575422376,95.89852089850464,13.492924398054706,1
2024-01-12 19:00:00,67.45778049833399,3.5414656791942773,100.52544825215732,14.621975335350545,1
2024-01-12 19:15:00,71.80859460464109,3.0011179922965123,99.64728022601224,16.599104530321927,1
2024-01-12 19:30:00,68.94701769077288,3.0787946427871082,101.63403219151634,15.130432839854915,1
2024-01-12 19:45:00,72.10108169409794,2.6000565159182765,102.4940411530574,14.669261447223416,1
2024-01-12 20:00:00,69.90998761243848,4.512619940133245,101.43234881237382,12.770049331929055,1
2024-01-12 20:15:00,70.13793876405792,4.352548139776038,99.09041993986074,12.76372613730913,1
2024-01-12 20:30:00,70.17668670634075,3.9299470833818697,102.799990062592,13.000744793905255,1
2024-01-12 20:45:00,70.66587299873206,5.077756761555051,97.38081167106924,14.515809480240707,1
2024-01-12 21:00:00,74.41233179822176,3.3486034427452864,96.0384340198915,15.994709517626063,1
2024-01-12 21:15:00,66.6636446471626,5.925409932088508,90.4141399463176,10.729468830276215,1
2024-01-12 21:30:00,67.63871454847141,3.317976467709424,99.78957714478854,12.348665180256967,1
2024-01-12 21:45:00,70.90432619577908,3.704154681404813,97.53536068151969,14.410139100170078,1
2024-01-12 22:00:00,72.37757105235227,3.1817776688478334,101.19326342822605,13.098534059254929,1
2024-01-12 22:15:00,74.09458238856413,3.797860448048244,94.0863178178669,15.574883120071691,1
2024-01-12 22:30:00,74.033407877675,4.168491942308996,98.0584643473015,14.405401666058088,1
2024-01-12 22:45:00,72.69756415020551,4.074324047980851,101.41080971759345,13.341530141905595,1
2024-01-12 23:00:00,75.88786371019239,4.921375877694096,96.91049156095306,15.42442813129628,1
2024-01-12 23:15:00,76.29769963844333,3.6913194277067687,101.22777024583858,16.01686082068426,1
2024-01-12 23:30:00,74.99566713050001,3.7163883088881593,98.32893221479588,13.725906767745112,1
2024-01-12 23:45:00,73.8142709434428,2.772801844389026,99.90157507066,15.18036271331177,0
2024-01-13 00:00:00,72.69612663985954,3.8347992596403078,101.78547401925057,15.910355557918525,0
2024-01-13 00:15:00,71.2891038244059,3.3927782233525074,102.85839106934594,13.64359587234662,0
2024-01-13 00:30:00,74.06717100922872,3.0134082165301703,100.27747723396182,13.133516042132763,0
2024-01-13 00:45:00,73.1493525269388,2.878820473481309,97.55796911536376,13.039944989547008,0
2024-01-13 01:00:00,73.18341657067536,6.71430672047085,98.62588341286104,14.727948675117153,0
2024-01-13 01:15:00,76.37419346226942,3.2892181998567716,101.91086608926088,14.334630624223118,0
2024-01-13 01:30:00,68.76796924170212,2.3344116633749854,96.93623924955219,13.508807929746267,0
2024-01-13 01:45:00,71.0686152170357,2.941422832213942,99.46580021007938,17.217998841869726,0
2024-01-13 02:00:00,71.75595145692812,3.458745728419029,98.84234770491558,12.858887855545412,0
2024-01-13 02:15:00,73.62054925960763,3.937333626093188,99.68991465004311,15.062257500665737,0
2024-01-13 02:30:00,74.04477188937229,3.943837217380251,96.97215241225187,18.811888398218763,0
2024-01-13 02:45:00,71.73530709695939,4.04129164142122,94.44416694336367,15.532787253551382,0
2024-01-13 03:00:00,72.96382496709651,2.984111754690136,101.56222784787893,14.737562558915554,0
2024-01-13 03:15:00,73.38406330214976,3.7723523548012365,102.89239427046594,15.17989503886607,0
2024-01-13 03:30:00,80.17888788232085,2.7991524287115372,94.62347512750553,18.09771012728617,0
2024-01-13 03:45:00,79.01182553093314,3.0042856135887908,101.10677848277865,19.6472055552211,0
2024-01-13 04:00:00,74.71453509442206,2.765832820399792,103.24954874453553,15.018080117110754,0
2024-01-13 04:15:00,74.92539408271736,2.5492889163213843,101.78773314028697,14.741202800482784,0
2024-01-13 04:30:00,73.45302293001185,4.351367591086407,98.7499894639718,13.367693779833216,0
2024-01-13 04:45:00,72.01796008533265,4.05088936078311,97.16951089074773,15.1600320743645,0
2024-01-13 05:00:00,75.66681537860319,4.281332295982504,100.24293423804997,13.991513558854088,0
2024-01-13 05:15:00,73.95450705094802,3.531450452819437,100.74335517654065,14.890678178051715,0
2024-01-13 05:30:00,75.81321288804814,4.121446159092117,100.28742253346769,14.780938704748912,0
2024-01-13 05:45:00,72.79813267606374,2.0909684762859637,99.45959610964731,16.850625068170284,0
2024-01-13 06:00:00,74.47308637032307,4.1904700144362845,96.75204482763172,14.979331330046714,0
2024-01-13 06:15:00,76.27564734896424,3.6416958640040242,101.26806487392656,16.878089696697696,0
2024-01-13 06:30:00,76.67511709227999,4.001687680119333,101.41256348324058,13.996397125151152,0
2024-01-13 06:45:00,76.72504642499126,3.8040186392388904,100.60246637638501,16.614774359176646,0
2024-01-13 07:00:00,73.17985446927105,2.7103558763704907,100.33298093521377,13.549215881990191,0
2024-01-13 07:15:00,77.44455606903244,2.3015681796871625,105.03774846323832,15.994894070814945,0
2024-01-13 07:30:00,74.0331027518853,2.983596315093033,98.12686364627982,18.926734686949924,0
2024-01-13 07:45:00,76.78200862841926,3.9519338250183296,103.84430529236997,17.832864154387103,0
2024-01-13 08:00:00,75.36270973126537,4.0520731321403165,97.79792659233449,15.81619404513265,0
2024-01-13 08:15:00,72.48440112298272,2.4056461780945098,103.32685171886928,19.94373320156961,0
2024-01-13 08:30:00,74.44409379595085,2.7151205060254284,103.70010265024163,14.360466103225278,0
2024-01-13 08:45:00,75.63334259495302,2.9214114512473284,99.12084638979435,27.82528940441523,1
2024-01-13 09:00:00,75.94222989963805,3.2141559517865472,104.9828891621825,13.883657284620744,1
2024-01-13 09:15:00,74.236364125558,2.410359335317878,101.40710766023827,23.40345721039113,1
2024-01-13 09:30:00,77.37314377709008,2.362358587087894,97.3681826765783,14.590258507856184,1
2024-01-13 09:45:00,76.10595371760638,2.842531762873957,98.87753021683237,24.51233164368516,1
2024-01-13 10:00:00,73.350007472787,3.5690030689800047,103.39828691831995,15.488957622204234,0
2024-01-13 10:15:00,75.12795587376219,2.5555245281972074,102.76919410562995,15.476889563353284,0
2024-01-13 10:30:00,77.2527186771711,3.407357192022587,96.82587879586212,18.21390114084079,0
2024-01-13 10:45:00,77.05758308537253,4.3468422529134525,99.5822280634285,15.666626466107573,0
2024-01-13 11:00:00,70.42722427495929,2.458576210069192,100.61056894832953,15.018444904198772,0
2024-01-13 11:15:00,70.77298208258122,3.3348433932715684,98.47718623277318,15.862727035181374,0
2024-01-13 11:30:00,75.33602662981201,4.319805387000618,107.07339917012416,13.775976175599329,0
2024-01-13 11:45:00,69.98819805966639,3.1653852877089523,100.70099123021598,13.27383790538834,0
2024-01-13 12:00:00,69.19779995188644,3.041064247313265,99.81456342729085,14.240131436539682,0
2024-01-13 12:15:00,70.60928948972823,4.4307966514451795,103.57255313277427,15.528016976060947,0
2024-01-13 12:30:00,72.16271981484756,3.2550383368227616,98.9043593954835,17.180672593336567,0
2024-01-13 12:45:00,70.86096669008812,4.383596020164454,103.02228283185197,14.334470308934556,0
2024-01-13 13:00:00,69.51213113070618,3.843172312901759,94.99680281325105,13.77893277523703,0
2024-01-13 13:15:00,69.21741860992681,3.2257242776721307,98.6390378612633,25.712663075315092,1
2024-01-13 13:30:00,68.8999019882656,3.883752424478024,103.14721125513174,14.564946734745229,0
2024-01-13 13:45:00,68.33147104301162,3.797239569488612,104.71059316176901,13.453764952356348,0
2024-01-13 14:00:00,74.42785523183353,4.31670625680198,97.68011286098202,15.317308175311483,0
2024-01-13 14:15:00,70.2428641000451,3.061323569707985,97.33053509134406,14.332026471180766,0
2024-01-13 14:30:00,71.21469492498218,3.5329648534252955,101.70233929111137,15.591850570630164,0
2024-01-13 14:45:00,68.26732497372296,3.45078745631629,98.13089831524687,13.034601662347997,0
2024-01-13 15:00:00,68.68967672719596,4.0633185133118275,99.19426624673382,12.84866588479543,0
2024-01-13 15:15:00,67.46318760048405,2.6798566444446594,102.62921507421147,14.286542559346369,0
2024-01-13 15:30:00,63.42891392831528,4.313581638590285,98.36769345515796,7.890086825670707,0
2024-01-13 15:45:00,65.83235373958672,3.8730630177363334,94.10372274539294,12.244188861383488,0
2024-01-13 16:00:00,64.83780035690641,2.446459941093643,96.09674669318235,11.124375857960878,0
2024-01-13 16:15:00,63.845313697564784,4.4666102603844005,100.02986675716085,14.358481443794618,0
2024-01-13 16:30:00,65.8556742790181,5.287274464638185,94.40973055458134,12.495303139891087,0
2024-01-13 16:45:00,70.81390416510922,4.301467175639527,99.10851874810804,13.80309707663192,0
2024-01-13 17:00:00,68.00916385421192,4.641587813781175,95.82371045126803,27.459630856767333,1
2024-01-13 17:15:00,70.62993262098665,3.5682971052820704,104.9198170205968,13.695921143598625,0
2024-01-13 17:30:00,68.83847570631612,2.170796064209192,106.49542778429702,13.447570474664534,0
2024-01-13 17:45:00,69.56640863810033,2.0247036390659803,96.8254086929738,14.415588207064843,0
2024-01-13 18:00:00,66.2014176459177,3.704065635094207,100.77027604011376,12.627364642015907,0
2024-01-13 18:15:00,69.07016617772493,3.0264169538160157,97.11878880400944,13.477223674909423,0
2024-01-13 18:30:00,69.51579568533984,2.768338977338119,99.07205319383647,12.739502195034989,0
2024-01-13 18:45:00,66.95807114258969,3.44980265282506,105.41040798386742,11.75674573199611,0
2024-01-13 19:00:00,69.30011336537711,4.194306423410468,98.59993435682054,14.280989355998555,0
2024-01-13 19:15:00,69.39944480281355,2.337793962590282,99.14188761328866,14.679734205522799,0
2024-01-13 19:30:00,67.27000167859407,3.1408979037756923,97.1724121983169,11.438765537902295,0
2024-01-13 19:45:00,66.2411712872424,4.7078965464962526,103.43856813299459,14.412263509243989,0
2024-01-13 20:00:00,66.2511122243481,2.6397692958229,90.21019989242792,14.421405127041554,0
2024-01-13 20:15:00,68.93953157184157,4.1958089497319655,98.67160803540514,15.543893178970405,0
2024-01-13 20:30:00,69.58155193281002,3.112215390760805,99.86234171759362,14.724299206953901,0
2024-01-13 20:45:00,67.51666218232997,3.9366350078799623,98.01676801044725,14.610621805132483,0
2024-01-13 21:00:00,69.34148949597082,4.892050539478195,102.5906365231935,17.47998561565873,0
2024-01-13 21:15:00,70.62762130721183,4.093025413588017,103.60608185191143,14.136003990847607,0
2024-01-13 21:30:00,70.93193084371313,4.227327681771101,95.76388146136145,13.111042001779603,0
2024-01-13 21:45:00,73.01818971715657,2.578725173273635,106.28045996131242,13.00436709031478,0
2024-01-13 22:00:00,72.69621087124105,4.390927765393039,95.73022352693945,17.84237415672079,0
2024-01-13 22:15:00,68.37544920366813,2.817845508292144,103.86589204502752,16.565815649148423,0
2024-01-13 22:30:00,73.98793981452674,3.7076334124572305,100.44948309560708,14.209482331456677,0
2024-01-13 22:45:00,69.80746170677118,3.7065969495977815,98.48889670865856,13.25125729301352,0
2024-01-13 23:00:00,73.21265384422239,3.8880980470956645,98.77189921097249,14.877809596969957,0
2024-01-13 23:15:00,71.51613457382234,3.7695653408481524,99.89946162801905,16.69122568036568,0
2024-01-13 23:30:00,70.8157725668798,2.8249520171802214,100.62525358559135,12.713778472343474,0
2024-01-13 23:45:00,68.28613041804158,2.4201060701634267,97.23953694588542,10.935909838079162,0
2024-01-14 00:00:00,71.82027004157202,2.4201060701634267,99.29818012696482,18.197352727314847,1
2024-01-14 00:15:00,69.30580711596302,2.4201060701634267,97.68798153121722,14.66030206516902,1
2024-01-14 00:30:00,74.6185266747463,2.4201060701634267,96.35485141877838,16.467177961301733,1
2024-01-14 00:45:00,75.97393651842553,2.4201060701634267,97.54806489262631,15.88452194772767,1
2024-01-14 01:00:00,71.59892147010821,2.4201060701634267,96.55007610191367,15.578353826609497,1
2024-01-14 01:15:00,74.04396455821686,2.4201060701634267,98.73953526174844,13.341880542453579,1
2024-01-14 01:30:00,72.23034708494082,2.4201060701634267,101.29742471640525,13.8077232751919,1
2024-01-14 01:45:00,72.65806166547215,2.4201060701634267,100.36213106253389,15.355155326425553,1
2024-01-14 02:00:00,75.68971286930501,2.4201060701634267,105.92303432998196,12.700577521441142,1
2024-01-14 02:15:00,74.28016319669571,2.4201060701634267,93.36864095884025,15.23027253828737,1
2024-01-14 02:30:00,78.04294790265205,2.7987481406534425,101.40802289864257,16.266637815294004,0
2024-01-14 02:45:00,73.79461002686098,3.2300561967150605,100.01926071557305,15.084347660132751,0
2024-01-14 03:00:00,76.94134421260466,3.585958962157853,102.4470110271159,15.655780552049926,0
2024-01-14 03:15:00,75.30848135970393,2.6262541383304336,102.14939561293123,14.498706519099434,0
2024-01-14 03:30:00,76.86284705429391,3.764415622870076,99.50502474959447,13.725806340881793,0
2024-01-14 03:45:00,74.52059003705993,4.789528381973993,100.51795385457027,15.9732975818691,0
2024-01-14 04:00:00,75.44476421565513,3.1076302714450317,97.76779236124455,15.583243284502174,0
2024-01-14 04:15:00,75.42667004346761,3.81611425522538,101.84103993806336,13.965078693187266,0
2024-01-14 04:30:00,74.08366111976872,1.3004516911691555,94.3633718436319,15.718898455181272,0
2024-01-14 04:45:00,77.16194707024991,3.4688566396121274,102.33047931594795,16.106158828465915,0
2024-01-14 05:00:00,77.20384024315248,3.2495661712590356,99.93047966729166,15.869616145452573,0
2024-01-14 05:15:00,77.13927842074932,2.845201918071692,98.53881388650673,13.30644119601362,0
2024-01-14 05:30:00,79.05798641273394,4.365160375702826,99.30240040165982,18.141547192282022,0
2024-01-14 05:45:00,78.89755337869106,3.2390050547009377,99.52241129623486,15.219689453443621,0
2024-01-14 06:00:00,75.24664218875738,3.35801801032513,103.89191128144151,16.068898038889074,0
2024-01-14 06:15:00,76.72317311534105,3.198245700168743,109.70048098974553,15.204549269453278,0
2024-01-14 06:30:00,74.69335655506923,1.9665473025879388,103.65961247245114,15.22491719019879,0
2024-01-14 06:45:00,75.93386706618716,2.5944108479384314,98.30402264233074,17.908598857481014,0
2024-01-14 07:00:00,74.61759398353522,4.2688747888961736,101.88934547285584,16.582705496265625,0
2024-01-14 07:15:00,78.97080821833,1.8120394824960224,102.01998749817245,18.786302384933204,0
2024-01-14 07:30:00,76.35564734605511,2.8869477203074356,97.22451783265834,16.802272445748894,0
2024-01-14 07:45:00,75.07422396364412,3.1802239549681888,96.21760210833796,16.516482565604406,0
2024-01-14 08:00:00,77.76450393320286,4.894897493833252,99.81015721324964,14.05764267962159,0
2024-01-14 08:15:00,70.88854409699974,4.114883012397096,102.42312280810431,14.19027573830009,0
2024-01-14 08:30:00,71.04023362609786,3.0542635783575203,95.16457519719572,14.374706690056444,0
2024-01-14 08:45:00,76.48562735473291,4.543610957692441,97.83730639703678,18.181185436947835,0
2024-01-14 09:00:00,74.82799343340903,4.708005378576555,101.71795512697122,15.089054038162319,0
2024-01-14 09:15:00,75.00945200230377,4.307279842987205,100.12517083981174,16.30012486427532,0
2024-01-14 09:30:00,71.64651727701687,2.4128982032615873,104.24882086179699,15.232591197732189,0
2024-01-14 09:45:00,74.03373629775507,4.358606265431326,95.76589763777096,17.34663362974761,0
2024-01-14 10:00:00,77.85920011312359,3.1750930836232114,107.05649480034836,16.557143910477876,0
2024-01-14 10:15:00,75.26461884569132,2.677196607246984,95.38602266929126,17.221066076747118,0
2024-01-14 10:30:00,73.71274318606449,3.326285109538949,93.91250884351521,12.956525254613059,0
2024-01-14 10:45:00,72.24644607181993,3.721875343776172,99.82326166150808,12.652904672130068,0
2024-01-14 11:00:00,72.08181165472733,3.1042012555794303,96.59662321526197,11.59952697948141,0
2024-01-14 11:15:00,68.35523174234325,3.943162804796259,99.88373300786536,15.085546985402976,0
2024-01-14 11:30:00,72.86894824893355,3.1140680675843133,99.778819363136,16.27118488136317,0
2024-01-14 11:45:00,73.78315753721657,3.996297915145086,99.4126773636777,16.880188622013893,0
2024-01-14 12:00:00,68.67908140675401,3.8537776496292797,97.47276690340966,12.987681668466912,0
2024-01-14 12:15:00,70.24634233975311,3.451261556233652,101.29796845773907,13.628581215623933,0
2024-01-14 12:30:00,68.99494962272693,3.14689415010724,99.04798865569849,27.83382684564923,1
2024-01-14 12:45:00,69.12283742132323,3.6212326366122127,103.3109946122643,16.302400180818452,0
2024-01-14 13:00:00,70.90822093064439,3.9402029944269596,99.45888324241508,17.21320847062639,0
2024-01-14 13:15:00,66.38530956696022,5.1494393221852865,97.10605773140023,14.506305604850109,0
2024-01-14 13:30:00,71.54170865388215,4.251536337438544,94.93686834446984,15.359042183369898,0
2024-01-14 13:45:00,71.587162317924,4.280791959852673,99.48367170565488,16.87922274192739,0
2024-01-14 14:00:00,69.35176371080449,5.970809755888228,96.19238628591214,13.82176542751701,0
2024-01-14 14:15:00,64.6762674036671,3.9127667814142755,95.95011443798566,12.216467925376687,0
2024-01-14 14:30:00,67.43868862612875,3.8877148090493616,101.58237192744096,13.438073406917908,0
2024-01-14 14:45:00,71.70218080426706,4.0632120594573236,94.66698981650983,13.44258268715075,0
2024-01-14 15:00:00,63.49708552967917,2.6928272179293975,104.23658013499873,12.186611612346333,0
2024-01-14 15:15:00,68.18735623513291,3.144878690864995,100.47914915318663,12.180094804863963,0
2024-01-14 15:30:00,66.365093854964,3.095064586646133,99.86847210692511,14.84703988483857,1
2024-01-14 15:45:00,70.32140082342801,4.01809118177565,96.89570217834824,15.272820898795318,1
2024-01-14 16:00:00,67.36384891547371,3.360660350223041,102.29311688902881,15.675237401398636,1
2024-01-14 16:15:00,69.53900456566177,3.610578740379442,99.99128519920781,11.700385860979418,1
2024-01-14 16:30:00,69.89472631851436,4.369963696118772,97.94171007177759,17.06444157680698,1
2024-01-14 16:45:00,72.48507426281172,4.190520590963311,100.59947408995477,12.591156984240312,1
2024-01-14 17:00:00,68.47201379543657,3.3706231975670025,94.95164363368185,11.90935941731051,1
2024-01-14 17:15:00,69.71199882062852,2.964003922497422,95.09401860535259,13.108454282415659,1
2024-01-14 17:30:00,66.08875638040058,4.408219785322551,96.63944174409677,14.875164473814102,1
2024-01-14 17:45:00,71.55573150763188,4.119112944727893,101.04858180282915,14.852905785088943,1
2024-01-14 18:00:00,67.78706522741886,2.214994545363694,99.9902250345816,12.979071344617216,1
2024-01-14 18:15:00,68.33688287707666,4.634485143363815,103.14693779666726,12.28168892854656,1
2024-01-14 18:30:00,69.5812484499087,3.63241236961341,97.24003044349428,11.740906591590257,1
2024-01-14 18:45:00,66.6842144890306,4.123063773696825,101.72400352144402,14.59550968007478,1
2024-01-14 19:00:00,70.46841805441152,4.228081195951817,57.40313606180695,15.190658220939893,1
2024-01-14 19:15:00,72.16305901346416,3.727124800940379,97.17086441577722,16.490636747938645,1
2024-01-14 19:30:00,71.04722411844892,3.968198025087085,101.15592301213876,14.683307469484625,1
2024-01-14 19:45:00,67.53233225444025,3.551309441902523,99.8019644252643,9.031328597194424,1
2024-01-14 20:00:00,70.72631337258177,2.9609186494555515,98.1126424175638,12.046671786665398,1
2024-01-14 20:15:00,72.73625633146814,3.290988487166997,98.30781544325046,15.17470559734094,1
2024-01-14 20:30:00,67.78831587199836,3.5151929493120866,95.97504520582419,12.399310528093308,1
2024-01-14 20:45:00,69.69999162299466,3.472256599985128,94.08439033990204,12.649995406071424,1
2024-01-14 21:00:00,73.92022722396446,1.9915416764452234,91.48949327754033,13.060358454637656,1
2024-01-14 21:15:00,73.03653102571047,3.1820133320564548,86.99424529241,15.83234365883495,1
2024-01-14 21:30:00,70.5297804615582,3.5449645224713215,89.31520533859371,15.243223094588922,1
2024-01-14 21:45:00,73.64415783725588,3.274904006475439,84.86458415156304,16.245034185538948,1
2024-01-14 22:00:00,71.09049834017235,4.952898811510038,82.39355885161325,13.776746128874118,1
2024-01-14 22:15:00,71.70530873133804,3.89039309664367,82.91426410405582,30.35204851550225,1
2024-01-14 22:30:00,76.05406685937483,2.636834250361093,84.02026145069834,14.209572668517726,1
2024-01-14 22:45:00,70.45387116137856,2.197566228839031,80.55684052307295,14.341419377144279,1
2024-01-14 23:00:00,69.53941368766857,3.22146416733066,98.40657337492723,10.469929738410908,0
2024-01-14 23:15:00,72.24817794886764,4.111291524401432,98.28596182639643,12.722279175958459,0
2024-01-14 23:30:00,72.53057679431406,4.850042431589311,101.9074397865663,14.6757052719162,0
2024-01-14 23:45:00,70.86066266571095,4.125702591275792,92.80979269165827,18.22087601912568,0
2024-01-15 00:00:00,70.11116635760773,2.325388992104922,102.39209496759844,11.732235297145023,0
2024-01-15 00:15:00,77.05676194479352,3.314106208498583,94.37795267520899,14.651657694628263,0
2024-01-15 00:30:00,73.3499992588184,3.7053075048652238,95.75377627503106,15.730161972684735,0
2024-01-15 00:45:00,96.48799607353384,3.6420728935388738,98.45720250621032,17.500533181082055,1
2024-01-15 01:00:00,75.0365988411189,3.9314436423542993,106.51037242879254,16.21423839781778,0
2024-01-15 01:15:00,73.23345529867414,2.7663608428313915,105.0322580800428,16.423249368058478,0
2024-01-15 01:30:00,73.18676725781545,3.5519544700405943,102.11946326739141,14.849624551329917,0
2024-01-15 01:45:00,75.05060551846681,3.8362582638209033,101.06962713488635,15.149249272130977,0
2024-01-15 02:00:00,71.56756892778812,4.160536762642928,94.41316909596257,14.99354720643807,0
2024-01-15 02:15:00,75.0726400055674,2.8554254667097663,100.47027448864209,14.934357915731061,0
2024-01-15 02:30:00,78.3991996966096,3.2238745062056817,98.35233544432009,18.006163917059496,0
2024-01-15 02:45:00,75.70051964221524,1.3369458559413276,97.54999199913183,13.700748044246197,0
2024-01-15 03:00:00,74.19874878398137,3.0028304259377805,100.46440926992398,16.994605184044662,0
2024-01-15 03:15:00,74.10732108625663,3.0804680856231657,98.5866699716599,15.691165844331119,0
2024-01-15 03:30:00,74.45783010611925,2.6843323934660455,102.60789863790656,15.415267728934477,0
2024-01-15 03:45:00,74.91350997443911,3.6324897201861215,94.192135697162,13.4095761520521,0
2024-01-15 04:00:00,74.79408177452227,3.455243654363785,100.22503426703794,14.368541524359875,0
2024-01-15 04:15:00,77.49536168711782,1.6926288979379107,97.36270832945787,18.446585715835113,0
2024-01-15 04:30:00,72.29366446303196,3.672406375441405,98.77109251325292,14.77520084185954,0
2024-01-15 04:45:00,77.56530927592942,2.757340695368778,100.91387925843773,17.08719048158806,0
2024-01-15 05:00:00,75.14669709932087,3.888551167352412,96.6480764121698,14.624711109823242,0
2024-01-15 05:15:00,76.70798357048272,2.5639547842070396,100.4926964179374,16.368813116806642,0
2024-01-15 05:30:00,73.73118107765745,3.524005230824752,99.36298538437221,13.461126251117268,0
2024-01-15 05:45:00,78.65640580531728,3.2734693368907952,98.01823940446934,17.146745123027014,0
2024-01-15 06:00:00,78.48725828668462,3.7424815079602642,98.58828254196725,17.502138831910695,0
2024-01-15 06:15:00,77.89488555874522,3.5997578221210773,99.53634432643922,17.24938775840109,0
2024-01-15 06:30:00,72.90886948823528,32.95868659982836,97.69649046231036,13.917283600735342,1
2024-01-15 06:45:00,77.54241409948287,22.709821487646042,100.02128342597683,16.149647753694108,1
2024-01-15 07:00:00,76.62302579036509,23.18233629231175,99.16547013500177,17.192698956081973,1
2024-01-15 07:15:00,72.5155712400585,33.31646469092874,98.16615238879912,14.837514979100403,1
2024-01-15 07:30:00,75.57434533289852,3.49337609285633,104.76952670170895,15.64134552635939,0
2024-01-15 07:45:00,76.23330593882842,3.0134016422407064,101.24571976768486,19.125193194586863,0
2024-01-15 08:00:00,76.48266367650773,4.0001695444635725,98.85186330213114,14.918315424653132,0
2024-01-15 08:15:00,75.5768645374652,3.2766232646306532,100.43758129247412,17.693687063373034,0
2024-01-15 08:30:00,75.6428209456791,2.7279898201763917,96.91953958967947,14.360825288446337,0
2024-01-15 08:45:00,77.83247917156527,3.2775229656096725,98.68968517966425,17.7319153801267,0
2024-01-15 09:00:00,77.14985501118834,3.680687869053242,99.03976764868526,17.60718534054246,0
2024-01-15 09:15:00,68.76464419230656,3.7599077750596677,96.25961827027035,13.2638455251064,0
2024-01-15 09:30:00,73.65413314577795,5.002703305594504,101.16206214398325,13.670024664440225,0
2024-01-15 09:45:00,73.7401526568733,2.9648725279972643,98.48316189216152,12.566395991356865,0
2024-01-15 10:00:00,70.33683143502574,3.4412170707276797,98.9335999976578,13.57837916711972,0
2024-01-15 10:15:00,73.79307711177702,3.8408991574555413,98.29384042262994,16.327251105461592,0
2024-01-15 10:30:00,75.85903046180597,3.481261632639348,108.8772717719293,14.541266902892424,0
2024-01-15 10:45:00,70.93934707107178,3.0995054832090774,98.01215454947796,14.827226992707125,0
2024-01-15 11:00:00,73.53148395310772,2.260594258924605,93.79396913834252,13.24480048906605,0
2024-01-15 11:15:00,70.76955371968148,3.0913323527575876,95.2002040871235,14.280033827748499,0
2024-01-15 11:30:00,70.9973182164311,2.6410380698257594,102.2779078680863,12.978629608631232,0
2024-01-15 11:45:00,75.03440883670247,2.1187146551009772,104.00935807504939,15.793351898169101,0
2024-01-15 12:00:00,70.73264393984552,2.863456926663531,97.95460842588145,13.868173977542357,0
2024-01-15 12:15:00,72.48110373194145,2.6623266233868366,103.8368490089064,13.358781915226034,0
2024-01-15 12:30:00,67.55506196440034,3.9670292362343584,102.22476999952764,12.678208372486692,0
2024-01-15 12:45:00,74.76596399188915,3.980873469931435,99.43155960704173,14.428553904203754,0
2024-01-15 13:00:00,71.99457371803963,2.7768965683353,99.2186611486884,13.027485065055771,0
2024-01-15 13:15:00,70.17739881979135,3.291817095549503,100.54261067924696,16.07733838387153,0
2024-01-15 13:30:00,71.45286912225873,2.0134058703099713,102.63236746646092,14.295598440001234,0
2024-01-15 13:45:00,67.24879417188906,3.3570194527925867,101.19188369678507,10.27130007795622,0
2024-01-15 14:00:00,72.20843098163763,3.8191855205618763,97.96957509460391,14.127608083099261,0
2024-01-15 14:15:00,68.97958067703917,4.159950311691282,99.47737885892107,15.465941773839145,0
2024-01-15 14:30:00,69.01376128516897,2.929562334646949,105.94379036416578,12.962090435664626,0
2024-01-15 14:45:00,68.24399003537174,43.41483888422016,100.75364139188858,16.119812827811963,1
2024-01-15 15:00:00,67.88328440928912,22.874464627892227,102.60797628064785,12.479992240344352,1
2024-01-15 15:15:00,70.26388257928757,31.207274354792407,101.6196549617477,15.234276857510952,1
2024-01-15 15:30:00,69.22970628018415,40.67729492510301,100.8200732319931,15.723869760941763,1
2024-01-15 15:45:00,69.87880863458709,4.836896982850598,100.32609670004521,15.038933548843277,0
2024-01-15 16:00:00,68.42982245369228,3.8947455905469566,102.69217187597494,11.86720577414614,0
2024-01-15 16:15:00,69.36113888234063,3.46772609077279,102.15592670593205,12.79463879931984,0
2024-01-15 16:30:00,67.40008011042346,1.743853002782233,100.79168043403465,15.37513051870691,0
2024-01-15 16:45:00,72.61640614983428,1.8820423551652166,97.91871242335634,13.978004660452317,0
2024-01-15 17:00:00,64.95671952827674,3.6035276295166954,101.15667641664541,14.35053062933633,0
2024-01-15 17:15:00,70.56684181190228,3.2135498643430602,99.79897619059575,13.924625460848269,0
2024-01-15 17:30:00,70.75012187035651,2.6153318542783057,99.07523226596477,14.83719253993568,0
2024-01-15 17:45:00,66.29641358463026,3.5524260646640404,108.0363279248982,11.20976315985765,0
2024-01-15 18:00:00,72.4628452605267,3.592105094006248,95.38284607687652,14.226452216089264,0
2024-01-15 18:15:00,70.01597277431668,4.797506728991372,102.87553857717245,13.091832261635421,0
2024-01-15 18:30:00,70.00500301298194,3.6092818264101605,97.41198716723851,14.739900379731843,0
2024-01-15 18:45:00,68.17337904695216,4.482715494667508,100.3935864680302,13.991810083659473,0
2024-01-15 19:00:00,67.75413483173664,3.5063952236390508,107.70576255727056,14.420215293889441,0
2024-01-15 19:15:00,67.85735935180574,3.407732004154131,97.11289301552782,13.021424050902713,0
2024-01-15 19:30:00,69.16078999023402,4.351449748997746,97.8283820355182,12.752891890128339,0
2024-01-15 19:45:00,71.3011712051033,2.7172472959668523,99.9474587885452,15.064444989847452,0
2024-01-15 20:00:00,68.99550462844417,5.75155796261293,97.45834912710592,12.554268034022698,0
2024-01-15 20:15:00,66.95849944941136,3.800205982533389,102.65216905282091,15.10518362445729,0
2024-01-15 20:30:00,70.59254770773121,3.8046634022701387,98.39641169181012,21.609130331004,1
2024-01-15 20:45:00,70.96140262903171,3.920076779178078,101.962028920448,14.199218124152079,1
2024-01-15 21:00:00,70.61617653893474,5.001709180265314,96.0124326045998,27.368931626454675,1
2024-01-15 21:15:00,70.99715562758738,4.134005929338086,94.57950549353733,14.584599939128637,1
2024-01-15 21:30:00,69.17429158503043,2.645199024810301,99.31304506314085,21.550476660961913,1
2024-01-15 21:45:00,68.0779491310909,5.008675150269401,95.29447648588722,12.23123989024312,0
2024-01-15 22:00:00,68.42816774170007,3.227282736443986,104.55480673829635,15.515013378306943,0
2024-01-15 22:15:00,67.13012276541502,3.5857240582714587,95.410589528515,13.66486335139138,0
2024-01-15 22:30:00,71.1182949469484,2.4765968222597867,96.8869399369879,12.213136780539356,0
2024-01-15 22:45:00,70.72665932316902,4.639831175162854,101.24085965642384,15.146165897023455,0
2024-01-15 23:00:00,70.26748334541207,2.978900567945958,98.24090814981398,13.641356773818998,0
2024-01-15 23:15:00,65.49377733527527,3.580135710394779,95.44483609039719,11.736383271819406,0
2024-01-15 23:30:00,69.17048664007156,3.2727207957113738,106.11989248021588,12.433836903570699,0
2024-01-15 23:45:00,74.16834491313314,5.040010241388682,96.99509859052128,17.150397680917973,0
2024-01-16 00:00:00,70.8592679929079,5.085808240116472,99.41122657751035,11.709532839864346,0
2024-01-16 00:15:00,73.1707516519142,3.537210536171793,99.37242243968191,14.094927383915024,0
2024-01-16 00:30:00,69.9273186938745,3.551182169095084,102.13092745589974,14.558385757029212,0
2024-01-16 00:45:00,75.84218402238879,3.2012456269203877,101.38705738201318,18.520199810071883,0
2024-01-16 01:00:00,72.92866580212926,4.384805033202229,97.51959688680698,16.109387035164257,0
2024-01-16 01:15:00,74.04353458090051,3.236864103733298,99.02251834767009,28.6880469019419,1
2024-01-16 01:30:00,78.35547303440238,3.1629301802834404,99.31923269937455,19.20067209148094,0
2024-01-16 01:45:00,76.9699495962526,4.2828742909319715,102.24687849459569,14.458299779318324,0
2024-01-16 02:00:00,73.54879097031309,3.0693607237466805,96.4950342554242,15.86264153912666,0
2024-01-16 02:15:00,73.19106771682003,3.4697959724411755,106.05433167026735,16.08899728367433,0
2024-01-16 02:30:00,73.93181289771248,2.2349513747912058,97.72244983762167,14.25787049451308,0
2024-01-16 02:45:00,75.79702280032205,4.0633522760985334,99.97375180973022,17.185496417928995,0
2024-01-16 03:00:00,74.74919701090444,5.052693551345495,96.52003168092027,15.053923909859892,0
2024-01-16 03:15:00,74.33888963134237,4.0769802982398335,96.10552296507815,16.744380530679656,0
2024-01-16 03:30:00,78.22005918227907,4.669439334037844,97.37671477276713,14.106624515804409,0
2024-01-16 03:45:00,75.19951172381488,2.8231182910581354,97.08843034700723,16.462317652487776,0
2024-01-16 04:00:00,80.15465090627862,3.6890594256225606,98.75722892753551,16.82823526284318,0
2024-01-16 04:15:00,75.84925874944612,2.7454720605044884,97.06310491370878,17.87933329928557,0
2024-01-16 04:30:00,79.33498963025278,3.317787563534926,102.08665726388263,17.134525794419407,0
2024-01-16 04:45:00,76.55943524443381,4.117769181882004,97.65104831404487,18.241674873910323,0
2024-01-16 05:00:00,77.83468062379947,3.5814564904826387,97.31855351964425,17.51182333468942,0
2024-01-16 05:15:00,74.5067457999036,2.3698871819190224,98.82109340764819,15.560761051398844,0
2024-01-16 05:30:00,74.27870087479383,2.447976715569797,102.97851663608888,16.86511422685959,0
2024-01-16 05:45:00,76.91879596761527,2.3950688548073806,100.64462852083119,17.666726487075262,0
2024-01-16 06:00:00,77.97251217089645,3.8931620719516724,99.70093141033759,17.499618658005755,0
2024-01-16 06:15:00,76.0548142621519,5.151115628525335,95.70086569009396,12.777992216707792,0
2024-01-16 06:30:00,73.3633745667812,4.5899665952001705,96.57187462040888,13.935171633887764,0
2024-01-16 06:45:00,73.16063237459173,1.9832118406831485,96.16477017988113,17.424348482136402,0
2024-01-16 07:00:00,72.95522787049217,4.636860750455828,103.92055367101705,13.402649577994751,0
2024-01-16 07:15:00,72.18627883066955,4.249120333611717,101.59168936939494,16.379575374299577,0
2024-01-16 07:30:00,75.83656408166537,2.263760043576994,97.41513847322742,17.210648209669117,0
2024-01-16 07:45:00,77.74824492507149,3.257438706631602,98.30688506852303,15.635844935148402,0
2024-01-16 08:00:00,75.33689459548874,4.376417929196648,97.52412947128799,13.008220937971537,0
2024-01-16 08:15:00,70.694047340829,3.940346808747828,97.34241635085787,13.75484530532681,0
2024-01-16 08:30:00,74.67072625274498,2.4527239580896114,101.38090309364854,18.918240441273014,0
2024-01-16 08:45:00,74.55093623174622,3.9885937246369556,99.13739133764706,14.470364931209835,0
2024-01-16 09:00:00,78.8804886932941,1.7899995231355297,106.2435032328924,15.872760591089325,0
2024-01-16 09:15:00,71.57464828574842,3.321742259394231,103.75107947355099,13.376020870259786,1
2024-01-16 09:30:00,73.62776799044735,4.410365415520039,103.92844102140016,17.271376677175876,1
2024-01-16 09:45:00,77.73126018565067,3.5147153724570557,102.01407092484438,16.276743618692322,1
2024-01-16 10:00:00,75.12111871076503,3.1008499600304433,98.73202278847843,14.880084965457973,1
2024-01-16 10:15:00,75.24155180829352,4.21147700301788,101.79337265358875,17.93615482915065,1
2024-01-16 10:30:00,74.23102907423211,4.2798014520692655,98.95350191641403,16.34289768025989,1
2024-01-16 10:45:00,74.54289647069885,4.54803175429356,104.8908281521851,14.149150969948614,1
2024-01-16 11:00:00,75.31466084848114,4.19947394275711,101.21283814914976,13.88510934447341,1
2024-01-16 11:15:00,72.0132735113434,4.365099835149717,100.78708107580904,16.428193522462113,1
2024-01-16 11:30:00,75.25864395147839,4.086326845950028,100.38121798728852,15.65060151801261,1
2024-01-16 11:45:00,70.62539282216858,3.7124229192931777,105.22079928208258,11.872717469040317,1
2024-01-16 12:00:00,73.89671945384113,3.5716071998110515,95.69874899848965,12.46390752320332,1
2024-01-16 12:15:00,73.466885081131,3.3101922247220785,105.51486348300618,13.296442234148357,1
2024-01-16 12:30:00,71.74819044372741,2.5301053655522194,99.44153857763759,12.556534598789764,1
2024-01-16 12:45:00,72.80984380429422,3.467185271658767,95.78155307255305,11.626011597979591,1
2024-01-16 13:00:00,71.48873336903823,3.274388414451832,97.74337080507084,12.610403008999594,1
2024-01-16 13:15:00,70.47425140159719,3.6931617276819435,95.04757821182925,12.537567621491638,1
2024-01-16 13:30:00,71.80056302602797,4.65265007840341,101.96097023675692,13.580929583927187,1
2024-01-16 13:45:00,70.19728178059015,3.46656221769959,96.88512114896044,16.29420177578166,1
2024-01-16 14:00:00,72.95664721351146,4.302781032702131,100.50600299861411,14.14325099503646,1
2024-01-16 14:15:00,69.92596413485117,4.363452525145696,103.40265109049754,13.343818288186858,1
2024-01-16 14:30:00,73.57538470342983,3.314842561848967,97.98394921430159,15.41475932629258,1
2024-01-16 14:45:00,69.7248600688805,3.9757521690961473,99.19568892092683,13.100611348846922,1
2024-01-16 15:00:00,70.90353970518396,3.4295497205300207,96.08990017025195,14.371291357385251,1
2024-01-16 15:15:00,67.6175037139964,4.557708715262781,98.83492867314641,14.10617342962652,0
2024-01-16 15:30:00,71.36101563129515,4.008674670612746,107.72207087582012,14.992187537787409,0
2024-01-16 15:45:00,69.22941299125571,2.547612996249316,102.33379949233132,18.318523024005152,0
2024-01-16 16:00:00,68.0181839033947,3.6292197217230773,99.20580874331918,15.172143937084938,0
2024-01-16 16:15:00,69.32716143699311,4.818489729459104,98.16493589145486,12.575565454037836,0
2024-01-16 16:30:00,64.01914132092202,3.355015172362639,99.8720998130307,13.161075675560351,0
2024-01-16 16:45:00,68.06720705182457,4.2675612315428255,100.39015225658092,12.63255690555779,0
2024-01-16 17:00:00,72.08493869399778,3.9367030701913164,98.74279087856273,15.694857754289115,0
2024-01-16 17:15:00,68.30779981287677,3.0499272464851055,101.59017758731339,11.829558818200626,0
2024-01-16 17:30:00,68.1490905749297,3.9119792424649815,97.13965752981878,12.183058000352942,0
2024-01-16 17:45:00,69.09676732551044,2.3849318783722993,97.1248369750472,14.644891541388324,0
2024-01-16 18:00:00,69.7961109434143,2.999500714878883,101.11058637115062,15.835336953421331,0
2024-01-16 18:15:00,64.03148170549912,4.360578373995354,96.49407473930681,13.363411034779256,0
2024-01-16 18:30:00,64.70030928499058,3.7854050322466866,102.18705175858761,14.0912687873,0
2024-01-16 18:45:00,68.54095928086421,3.2564177538027783,99.9571581628092,14.523015622405033,0
2024-01-16 19:00:00,66.7626677872725,3.85716881699615,94.51627234384836,13.68754448473025,0
2024-01-16 19:15:00,70.90483659713584,3.451926201795895,100.32849737668285,13.915911067753097,0
2024-01-16 19:30:00,67.75474463207695,3.5100628018814666,94.94456012623301,14.945926102698278,0
2024-01-16 19:45:00,64.6358343502201,4.02545482137611,102.08008602896699,14.328069154305991,0
2024-01-16 20:00:00,66.10365194287981,2.9181058074726947,99.25385701224822,13.13642204586928,0
2024-01-16 20:15:00,63.28951549437094,3.5322691244437525,105.55325264952046,12.211465585643294,0
2024-01-16 20:30:00,68.48356853429803,3.2501854443146776,103.21393853311783,16.332179277872765,0
2024-01-16 20:45:00,68.75106926387136,2.2315173003197954,96.81792248130452,13.994688109437075,0
2024-01-16 21:00:00,68.46724135293393,2.76363539500056,93.93778040847575,14.053701211429132,0
2024-01-16 21:15:00,71.67375818766561,4.754565157651066,97.73469622962588,15.628466317929027,0
2024-01-16 21:30:00,72.12352062967706,3.8077786516681873,96.33622419150889,14.890346804971887,0
2024-01-16 21:45:00,69.60593025393207,2.4411293588788885,105.47721426063129,13.051268592064979,0
2024-01-16 22:00:00,65.9063472210833,2.2677164993212715,99.96905602215955,13.738852529610272,0
2024-01-16 22:15:00,71.64714477196537,3.410268879911533,102.8002564125495,14.836010916556129,0
2024-01-16 22:30:00,71.76695349242839,4.7489492265411855,99.14490726234824,17.69346068244026,0
2024-01-16 22:45:00,71.52442757307387,3.3505934921565177,99.46099753515806,16.040001097360726,0
2024-01-16 23:00:00,73.12270621531202,4.545599642723213,99.90211893247327,14.443588434929104,0
2024-01-16 23:15:00,69.08779450077385,3.781544616654926,103.31961795577735,15.21992867901772,0
2024-01-16 23:30:00,75.69516250417614,38.77000366276715,100.9348742670238,16.57034750334931,1
2024-01-16 23:45:00,70.02037898929136,24.31423592556344,96.82799846957,16.370253149705675,1
2024-01-17 00:00:00,73.69952358127432,42.50018337399807,104.86754241425925,14.723175755138737,1
2024-01-17 00:15:00,69.08736366226294,3.2320543701811144,99.12155350304106,14.40922332121817,0
2024-01-17 00:30:00,70.8605304135881,4.190473962888727,98.63343962837006,14.50951865043769,0
2024-01-17 00:45:00,76.00970704100375,2.8486640144111095,91.5114840932529,16.290631246888573,0
2024-01-17 01:00:00,72.70689234135206,3.64163947800793,101.90319877348401,13.884269278899692,0
2024-01-17 01:15:00,75.15499272618314,3.781602363150105,100.30303791898565,16.810365319724706,0
2024-01-17 01:30:00,74.18919069449804,3.3767733467393066,100.2997769698057,16.283703622123657,0
2024-01-17 01:45:00,73.73814356628415,3.8236361544689252,98.79152598666755,17.449278495267937,0
2024-01-17 02:00:00,76.90019025273561,3.286882339845993,98.27434647960165,16.45501829784051,0
2024-01-17 02:15:00,73.9142894375571,2.9807521975669764,98.89125871950871,14.956527568894927,0
2024-01-17 02:30:00,71.03101402750968,4.784386706235171,101.38948261338184,15.89324577516896,0
2024-01-17 02:45:00,73.17978066748091,4.339162293089154,101.91735331910006,14.162627627844747,0
2024-01-17 03:00:00,76.07047178493103,2.8913082039614584,99.30690523487621,17.848618338105247,0
2024-01-17 03:15:00,75.92821149170504,3.9547554444756905,102.84681248295027,17.802726443632064,0
2024-01-17 03:30:00,72.15873434748909,2.9058569162390775,99.76307745694757,16.93353865594834,0
2024-01-17 03:45:00,73.98570877923233,2.5522522850701406,98.48732074562903,16.160647110788936,0
2024-01-17 04:00:00,74.39777277576692,4.327047553119181,100.59524672472209,14.989587258833428,0
2024-01-17 04:15:00,74.9418330150149,2.136720299482075,95.92184074451842,16.046331493962512,0
2024-01-17 04:30:00,73.01675864713029,4.241484730861233,100.69815492723775,15.875130936757897,0
2024-01-17 04:45:00,74.59150342211771,3.2978221499415534,95.37345368342089,14.9372385588535,0
2024-01-17 05:00:00,74.45418921799128,3.330762717535577,96.9168191200487,17.73593119878521,0
2024-01-17 05:15:00,77.50087524343074,3.827800975698632,93.94392577985013,17.52038882438204,0
2024-01-17 05:30:00,77.60548498211134,3.964959049595402,99.4746491419855,15.343311061650393,0
2024-01-17 05:45:00,75.70796401556662,2.8389254585368735,104.82890110692728,18.93669971936865,0
2024-01-17 06:00:00,75.21070394134559,4.074180487000051,99.64877001675569,16.10929509515894,0
2024-01-17 06:15:00,76.25270736913204,3.590696430420179,101.93075613829939,14.634657646464634,0
2024-01-17 06:30:00,74.3007543319639,2.4951561657055694,107.05694169193717,14.44484511546826,0
2024-01-17 06:45:00,73.58442374894625,3.3641004131362084,101.21216754436028,17.707002520431892,0
2024-01-17 07:00:00,73.92520568092408,4.605023212447141,97.70436386623594,18.315039078602453,0
2024-01-17 07:15:00,74.44726928414244,4.841275838596557,98.11729419179248,17.24840836546411,0
2024-01-17 07:30:00,73.28526328560073,4.073878766086942,100.00197462466902,17.36454195856092,0
2024-01-17 07:45:00,75.81616176072528,2.547725209465304,98.10131606421723,17.9697717164155,0
2024-01-17 08:00:00,76.81633732553989,3.8924855219647108,98.32573900055971,17.280275426808068,0
2024-01-17 08:15:00,72.03318354455543,4.180688723087354,102.95576172777847,15.503517745083018,0
2024-01-17 08:30:00,75.09436350268147,4.0805663866549775,103.07846884231664,16.738103842519354,0
2024-01-17 08:45:00,74.42791205378809,4.127963430950334,95.059322553854,16.83239678085137,0
2024-01-17 09:00:00,75.36218600451613,3.790610463398025,97.54549144629934,14.896258791565243,0
2024-01-17 09:15:00,74.45319199783654,3.442070128935565,98.60798683925982,16.833895693319125,0
2024-01-17 09:30:00,71.36114549851618,3.013306003276785,101.79726683849576,16.99626892050038,0
2024-01-17 09:45:00,71.52311687028669,1.9816515851988028,103.42922676551697,14.547376418592458,0
2024-01-17 10:00:00,73.87751585315183,3.771713413370681,108.10590380282164,15.093383077962855,0
2024-01-17 10:15:00,75.63920816598662,3.648842274921751,98.60298011115202,16.806581913653986,0
2024-01-17 10:30:00,68.90946958102116,3.946060674259853,98.75281385697392,13.098354548694143,0
2024-01-17 10:45:00,73.77976089343524,2.4299650453656847,101.76571004691314,13.558700343089312,0
2024-01-17 11:00:00,75.21335019220426,4.016013351452048,97.95334984313543,17.685583617819045,0
2024-01-17 11:15:00,72.27027753311539,5.143636075696621,99.57711441552844,14.404656369899469,0
2024-01-17 11:30:00,73.41648698209917,3.562760104622329,98.75488567364937,15.452618962710066,0
2024-01-17 11:45:00,70.64834166711861,3.4506677446347673,92.13503823428746,13.679314938623486,0
2024-01-17 12:00:00,71.55391174485445,3.7472018848685607,100.36969969045464,16.781305745825833,0
2024-01-17 12:15:00,68.28987023917611,5.12586961976827,99.45291712209163,15.166725309178855,0
2024-01-17 12:30:00,66.5840711416311,2.6810817906400874,103.8136931507707,13.014112030758778,0
2024-01-17 12:45:00,72.90246712190873,3.662565546715124,100.01647122260907,13.50089408942849,0
2024-01-17 13:00:00,68.79533726931399,2.8602740621618845,96.23575756505748,13.518206473506897,0
2024-01-17 13:15:00,69.60795538799887,3.062396223324004,99.22570338106144,15.137615666324232,0
2024-01-17 13:30:00,67.50615869095121,3.4603277536944486,93.72675147059012,13.93480116340501,0
2024-01-17 13:45:00,67.22651268434066,4.577858593290847,96.36724649440107,13.731600871980179,0
2024-01-17 14:00:00,69.47455934407718,4.940792480550989,101.906517904459,14.559915942427871,0
2024-01-17 14:15:00,68.14819786410371,3.858513715701365,99.257978680139,14.982653706478352,0
2024-01-17 14:30:00,70.15866769116455,3.1987242215812115,102.7675247184942,14.384811501251798,0
2024-01-17 14:45:00,70.1143090295454,5.494191093310815,94.09932324736586,15.109312884552873,0
2024-01-17 15:00:00,69.66940043203986,3.157956414936384,99.27261580802875,12.820441317994312,0
2024-01-17 15:15:00,69.33611224192921,3.0430912685122102,98.57346250483664,18.031609838041753,0
2024-01-17 15:30:00,71.85912067331135,2.9561331185095505,102.86754574783961,14.531947223019024,0
2024-01-17 15:45:00,66.42720020829596,4.616873255395795,102.01828830449986,13.633549574314754,0
2024-01-17 16:00:00,68.32605660650653,4.274596473897035,101.92675645026489,14.747515269131275,0
2024-01-17 16:15:00,70.59012175096814,5.434244428893157,104.6242301142523,13.96085075668963,0
2024-01-17 16:30:00,70.75839126234438,2.388381318225499,98.8957386721403,14.639254570077508,0
2024-01-17 16:45:00,65.30651669815698,4.692390311170985,104.00524250590216,12.985467921432257,0
2024-01-17 17:00:00,67.46256806195338,3.556108414692902,96.8673815473608,12.267713279725948,0
2024-01-17 17:15:00,70.7575277191217,4.144880173440109,96.75736675070291,15.285142454045966,0
2024-01-17 17:30:00,69.02841910151507,2.181778287116423,102.25823971449502,11.634692973066423,0
2024-01-17 17:45:00,68.3908555116992,2.181778287116423,95.48577778477359,16.54631931713468,1
2024-01-17 18:00:00,67.57017295676636,2.181778287116423,101.71829688525688,14.860508214497496,1
2024-01-17 18:15:00,67.26027537964205,2.181778287116423,100.30393958116397,14.53676615037268,1
2024-01-17 18:30:00,68.64367650009011,2.181778287116423,103.21555818596462,11.38813978137717,1
2024-01-17 18:45:00,67.6187088031492,2.181778287116423,99.82166810513533,12.49681963100523,1
2024-01-17 19:00:00,68.11113504874803,2.181778287116423,100.16814683888659,15.917358195831987,1
2024-01-17 19:15:00,68.44262929561174,2.181778287116423,101.52779497877472,20.15965088424292,1
2024-01-17 19:30:00,67.03435068248582,2.181778287116423,98.01205134982067,15.302343902331293,1
2024-01-17 19:45:00,69.57528626580832,2.181778287116423,97.88138107752934,15.828000995118922,1
2024-01-17 20:00:00,74.47500585543894,4.453274891346053,101.42328831953026,16.529963098802963,0
2024-01-17 20:15:00,65.24240681722345,2.9389246801889266,99.91213657260809,11.701476251601779,0
2024-01-17 20:30:00,69.60800079756311,3.7785624127558552,98.77805824808716,15.775161364069428,0
2024-01-17 20:45:00,67.61622209877284,3.287567620296611,99.751647700907,12.033055623986458,0
2024-01-17 21:00:00,70.4803077328535,3.7626191696648243,104.783678523515,12.728214572146271,0
2024-01-17 21:15:00,69.61898189194119,2.9979382070311766,98.67094477978033,12.375400579424623,0
2024-01-17 21:30:00,71.2605460771969,2.793259875129891,98.58394116015396,16.24174779291146,0
2024-01-17 21:45:00,72.30852017440645,4.341659908818994,94.87766732601251,15.006434969930682,0
2024-01-17 22:00:00,70.57177476741052,3.448903531900406,99.87294118552866,14.722819580079726,0
2024-01-17 22:15:00,72.68823421931693,5.117687160682781,101.97065053372117,15.183364360219052,0
2024-01-17 22:30:00,65.97948583509849,3.537047971835312,102.5085943470426,11.505270938732208,0
2024-01-17 22:45:00,74.09864738338642,2.7591375677196064,100.3246528048916,14.62349785598982,0
2024-01-17 23:00:00,71.92216728396471,4.481552701148751,102.86750071924266,14.046010875809234,0
2024-01-17 23:15:00,73.58557887019718,4.004640131316815,102.19369120564073,13.367766490221113,0
2024-01-17 23:30:00,69.25043357909995,4.081498290957139,103.33885068907679,13.418814930779458,0
2024-01-17 23:45:00,70.29026621794388,4.452480543094335,102.95290796643269,12.865120180788805,0
2024-01-18 00:00:00,72.50551006245857,2.9777629649233646,104.70993458832176,16.01816646203806,0
2024-01-18 00:15:00,72.4404694620038,3.39819735281177,99.49092050030126,16.123597434551378,0
2024-01-18 00:30:00,73.29956007476041,3.3628401348097654,96.01882587291547,13.449409338468287,0
2024-01-18 00:45:00,75.1581871073492,2.4674027704675052,101.99115623105627,15.502508485832761,0
2024-01-18 01:00:00,69.7102100830335,3.2891278798734054,102.34165956796834,17.097152846885106,0
2024-01-18 01:15:00,75.43446481365574,4.569103566301459,104.70998618014342,14.559195097579282,0
2024-01-18 01:30:00,73.7431932573338,3.6898704830350777,103.84387106850912,16.16291470389274,0
2024-01-18 01:45:00,73.55146739344053,2.4231509377240097,105.8364173675937,15.623723119036487,0
2024-01-18 02:00:00,71.24080506103044,2.2553284706680516,101.8595619409796,16.411572855070496,0
2024-01-18 02:15:00,75.40377983561432,4.8318208469986175,100.68643177581589,16.464334212720402,0
2024-01-18 02:30:00,69.77383625002153,3.427744791795896,95.84505063602276,13.685207658120834,0
2024-01-18 02:45:00,76.09205589508743,2.982071835438706,100.92428960354223,16.327762950735554,0
2024-01-18 03:00:00,71.99229038155376,3.2808065880823976,98.34248992938605,15.119742030396733,0
2024-01-18 03:15:00,75.25189346802846,2.3181537965461345,100.6345300402974,15.8380252669843,0
2024-01-18 03:30:00,75.06163480877117,4.638476119609296,100.16353955892897,13.939823259645326,0
2024-01-18 03:45:00,77.77989849331273,3.185557649931176,101.4152007665504,18.59860245939066,0
2024-01-18 04:00:00,75.20961270717797,4.642339389982064,99.70800787138447,17.562534193949876,0
2024-01-18 04:15:00,74.28945737719876,3.541321371557852,102.80506057219776,14.120553672854841,0
2024-01-18 04:30:00,74.75957618327811,4.643625579654752,91.83053706137483,15.376784406707804,0
2024-01-18 04:45:00,78.39742239657016,3.7053555992344682,100.56998072547353,16.581598214939724,0
2024-01-18 05:00:00,76.98661619540947,4.1825861302952605,103.60746933745769,14.761206657873467,0
2024-01-18 05:15:00,75.18835048076294,4.07527443687067,105.61014552536864,13.15631074258548,0
2024-01-18 05:30:00,75.51533316850967,4.917489649115926,102.19588401515519,15.048710972684397,0
2024-01-18 05:45:00,72.86539211093987,3.7783475817461687,105.05464906774762,14.72501412290517,0
2024-01-18 06:00:00,76.77107031555418,3.3137194271075323,100.50680798727623,14.269471094620227,0
2024-01-18 06:15:00,72.4517455668139,5.032347753258288,100.00858772778119,15.400990316172386,0
2024-01-18 06:30:00,77.43520192356759,2.7744504119232793,101.58824692968325,18.37484503204479,0
2024-01-18 06:45:00,76.1322315909085,3.503446113874528,99.99041715132681,17.50284369652045,0
2024-01-18 07:00:00,80.57566152403554,4.373694173096643,97.65292759594792,17.382669977472585,0
2024-01-18 07:15:00,73.51196033920293,3.821952602674817,98.4542792676043,12.692970556979084,0
2024-01-18 07:30:00,75.40146853877717,3.1564218832843993,96.66354128177153,17.093994072621722,0
2024-01-18 07:45:00,79.08246910584779,3.75179704447167,101.58513128459573,17.344328985351176,0
2024-01-18 08:00:00,77.73283190272653,3.364925931837627,100.03417543750143,17.35637623464499,0
2024-01-18 08:15:00,73.80742764641289,2.234437986049681,98.9191416497257,18.446382494377637,0
2024-01-18 08:30:00,75.48386976966697,3.507641829005477,98.29994872948814,14.80794348660411,0
2024-01-18 08:45:00,74.8630034442684,2.6195477335758786,101.51516903859888,11.546677133597457,0
2024-01-18 09:00:00,75.23373134005527,2.112491390040879,102.34134454183021,14.389937535301947,0
2024-01-18 09:15:00,73.07182959262907,3.609498656551508,96.60845801048445,16.050616480190453,0
2024-01-18 09:30:00,74.07933648827591,3.8903066736156533,96.13694599067314,15.664189799104834,0
2024-01-18 09:45:00,70.84098069397595,3.921358433683661,102.86352986686305,12.828840013794762,0
2024-01-18 10:00:00,74.07770865996531,3.9537365656157553,95.87460028453421,13.493736523224946,0
2024-01-18 10:15:00,74.47013184317632,1.9539287832475116,101.64246050146745,15.209126029226802,0
2024-01-18 10:30:00,72.87115031658841,2.4111864576740243,104.85072759626203,13.392203090153814,0
2024-01-18 10:45:00,69.84610223685519,5.078817149450937,104.85770441017941,15.134780798438344,0
2024-01-18 11:00:00,74.79886953876787,2.662232991938371,102.21361777189628,15.222520528690959,0
2024-01-18 11:15:00,73.29293506495205,3.9886728249093513,102.12642854596636,14.447203692988047,0
2024-01-18 11:30:00,70.85151691178326,2.950449902667323,106.75572235058937,13.518040469150469,0
2024-01-18 11:45:00,71.48070719606753,3.5637381914140516,92.9968130113187,15.23889624869115,0
2024-01-18 12:00:00,68.7787506303369,2.9933966381811246,98.60699297175809,14.097539024741124,0
2024-01-18 12:15:00,69.46839315935922,3.9492329236957158,102.5454755472298,14.543453852601658,0
2024-01-18 12:30:00,70.18477556279505,3.6094192938533594,98.98813897647413,14.725626834547233,0
2024-01-18 12:45:00,73.46159497721206,3.141368181084613,103.7193349258211,15.330185188268558,0
2024-01-18 13:00:00,69.47436773042952,2.659862304255432,99.88193781906942,12.69261444394172,0
2024-01-18 13:15:00,71.7877665724779,3.714219357994009,100.3952315810128,13.84075978164648,0
2024-01-18 13:30:00,69.19106978649936,2.5298249607659278,99.1759760072622,13.565308578241401,0
2024-01-18 13:45:00,70.53138563836798,3.841984833696671,98.43246712357582,17.657208548642878,0
2024-01-18 14:00:00,69.52890858365917,5.60118792722952,98.35867011055704,12.235418094472534,0
2024-01-18 14:15:00,71.34340187205302,4.5801360410096095,100.81349889051033,14.17455580664057,0
2024-01-18 14:30:00,68.32355415095019,4.07467830951533,97.6763051025314,14.04446683545079,0
2024-01-18 14:45:00,66.05518246713675,3.431514161807082,102.85961465047386,12.761555610232286,0
2024-01-18 15:00:00,66.25540404445526,1.9489978983971796,101.95967777380847,24.150448424840725,1
2024-01-18 15:15:00,67.7873868341406,2.4421708832798528,103.29824932290953,13.27346915448788,1
2024-01-18 15:30:00,66.19835897884482,4.526234284882171,96.613226932021,21.591381122498326,1
2024-01-18 15:45:00,69.37640038590644,2.868195135900176,94.90157035964067,15.434862886196408,1
2024-01-18 16:00:00,67.49870005079562,2.9405983214687628,99.98744273310471,25.531529905308112,1
2024-01-18 16:15:00,73.06901107466926,3.3674796194527827,108.69640184067856,17.43195088332327,0
2024-01-18 16:30:00,64.74970533389583,2.6503629929227563,103.79862633428371,12.619930774005034,0
2024-01-18 16:45:00,93.55391815554295,2.518585012358691,98.33666107447986,13.89190412906428,1
2024-01-18 17:00:00,65.82878016075374,3.4596207417748626,101.27353640329402,13.218712915402428,0
2024-01-18 17:15:00,67.05270068395141,2.786776436262371,102.18276072233105,13.736309317879302,0
2024-01-18 17:30:00,68.2941358890859,2.907185136176884,95.89483527780142,12.617218595204047,0
2024-01-18 17:45:00,63.349445096143015,2.875047179082395,104.1088776071038,13.809724227126061,0
2024-01-18 18:00:00,68.47987592719946,3.917888171067575,99.49772761953717,14.253876469744018,0
2024-01-18 18:15:00,71.83519353786536,3.314299447603714,99.72795746617642,14.883273778136639,0
2024-01-18 18:30:00,67.1626767561225,3.357142425684917,100.07135397830157,11.642084961998139,0
2024-01-18 18:45:00,68.64619141935792,3.9775567178471065,103.43362041792369,14.087286738543295,0
2024-01-18 19:00:00,70.25004463548578,3.5865084610946782,97.73445352539578,11.635194935814525,0
2024-01-18 19:15:00,67.96220739198978,3.2773969852342617,94.87908998564664,12.916188201548586,0
2024-01-18 19:30:00,67.23400935005594,3.876360284456137,100.96886587870013,12.725556245297984,0
2024-01-18 19:45:00,63.965720876211485,4.034558274846105,93.86902574148061,13.020209052494874,0
2024-01-18 20:00:00,69.93536791008837,3.3823412003931166,99.09668921459338,17.200385410444458,0
2024-01-18 20:15:00,68.57758748873857,3.564486220496417,103.56062286957645,14.831137445119728,0
2024-01-18 20:30:00,66.94279422056447,2.8745678162133377,101.73728171052622,15.655441375122761,0
2024-01-18 20:45:00,69.39858874303783,2.8114535654683794,103.12706819717583,15.187394882566716,0
2024-01-18 21:00:00,68.16750409214568,4.1153180015734465,101.86105409560848,15.537831462175127,0
2024-01-18 21:15:00,68.47890596186511,3.8559536500356972,107.23100346635023,16.72936281797419,0
2024-01-18 21:30:00,70.95979677266071,3.8642387507332607,98.23528111702956,13.59018378334483,0
2024-01-18 21:45:00,67.29156229824056,3.7246834789804177,101.19439503102497,12.391812038274914,0
2024-01-18 22:00:00,72.29277899201037,3.5369626206519627,98.68563858636205,16.09105004831909,0
2024-01-18 22:15:00,67.64032091652851,4.057129512658215,102.87040380974462,13.686578593865184,0
2024-01-18 22:30:00,69.3545405518819,4.248087008818227,99.81527537184851,14.53689291477501,0
2024-01-18 22:45:00,74.77574422261308,4.228982404152518,105.15653463833213,15.459722928622885,0
2024-01-18 23:00:00,73.43905694672831,3.4193776672432104,98.40755213379407,14.537329008481418,0
2024-01-18 23:15:00,71.63754724107372,4.60959418392707,104.22137957715096,17.322411175484653,0
2024-01-18 23:30:00,69.82166103556597,3.6827685453858567,101.77941859163191,12.696706639939919,0
2024-01-18 23:45:00,70.9058333294658,4.005900954052639,99.90261679273905,15.701338387702057,0
2024-01-19 00:00:00,72.37273774005067,3.8065914230033044,101.62732701357977,15.898163750610873,0
2024-01-19 00:15:00,72.56207320669004,3.6976053659873394,100.78379316258757,12.800102015651646,0
2024-01-19 00:30:00,72.56403690426886,2.9113984077997443,101.06786404075542,13.923040576290267,0
2024-01-19 00:45:00,72.93966902290911,4.061080670675861,99.37938678071683,14.287864865447933,0
2024-01-19 01:00:00,72.82384696353887,5.776235515926111,97.89523447733502,16.094030259036547,0
2024-01-19 01:15:00,70.61453366418036,3.2001639401679336,98.99478664011241,14.03380744035828,0
2024-01-19 01:30:00,72.70494041526531,3.701226558678026,94.95056506615533,15.083097414663385,0
2024-01-19 01:45:00,75.79923110687294,3.14303578852219,102.52584499759787,13.95329829658479,0
2024-01-19 02:00:00,71.45689129438685,3.1095840787504523,96.29450808347356,18.325934963389024,0
2024-01-19 02:15:00,74.02862319994158,4.735559582494938,99.3470588342929,15.715380388091718,0
2024-01-19 02:30:00,72.97208009708619,2.961623185818028,101.9441351244431,16.040125375071273,0
2024-01-19 02:45:00,75.02694813685763,3.120735621306911,102.51819015129973,15.097146208209454,0
2024-01-19 03:00:00,74.20762000906572,2.2627046874037973,94.67604418948828,14.68334501211794,0
2024-01-19 03:15:00,78.10751826583375,2.893910620366202,99.72445577432477,19.701282462180423,0
2024-01-19 03:30:00,76.32022782528455,2.1332800856373217,101.37923409834647,13.420985937075422,0
2024-01-19 03:45:00,72.82361025433578,4.005443759369543,100.15604832778698,15.665053678946897,0
2024-01-19 04:00:00,76.91505140014657,5.739757777469848,104.03222487302064,14.65725958338213,0
2024-01-19 04:15:00,74.13335674913297,4.221360596034048,60.598931047708,15.032505293144384,1
2024-01-19 04:30:00,74.62294731025781,2.1665936536078103,93.85287660942942,14.829742491566314,0
2024-01-19 04:45:00,76.4826680676382,4.219999731543787,102.43097805030557,14.865833895162588,0
2024-01-19 05:00:00,74.93310081764645,2.9184600328558745,98.38874164114453,15.933092839853426,0
2024-01-19 05:15:00,77.74708467749193,4.539477544442832,94.72437820724201,12.87208168228848,0
2024-01-19 05:30:00,74.44015013214748,3.2743767617680444,99.52446282830059,15.258812316766198,0
2024-01-19 05:45:00,74.76197503190792,2.9945474487337753,103.69167392779511,15.693157546547415,0
2024-01-19 06:00:00,74.68067904769822,3.357633955403451,96.21024214656191,13.765288894700447,0
2024-01-19 06:15:00,74.838578487533,4.10622140874895,107.0079878618418,18.121401628433976,0
2024-01-19 06:30:00,78.12765770578794,3.318063495395475,97.48635521639001,15.946609749540409,0
2024-01-19 06:45:00,77.12944320294699,3.1026202377650356,100.26103256237725,16.18260659718684,0
2024-01-19 07:00:00,79.21771809965814,3.3409347176169026,96.34260274645717,16.27698668402539,0
2024-01-19 07:15:00,80.24281901412483,2.482515852399292,100.12483104608805,17.350496523591573,0
2024-01-19 07:30:00,73.53990485945461,3.817625281835184,99.59875653472398,17.424187598095457,0
2024-01-19 07:45:00,75.62054858126467,2.0706187249240715,95.53151829300674,19.795688280264613,0
2024-01-19 08:00:00,72.99076553627269,3.1447028365075878,108.47748090685273,16.415688466432794,0
2024-01-19 08:15:00,73.63707988464704,4.107508167064594,98.51398849294392,17.123114615851765,0
2024-01-19 08:30:00,73.76756873164153,3.7424386263461735,98.51661232808192,18.10491184170808,0
2024-01-19 08:45:00,72.73588782481826,3.9722564583891122,102.90710763806096,15.594072962595165,0
2024-01-19 09:00:00,72.55666965488305,3.4479634618249526,105.4427646500454,17.52237720688272,0
2024-01-19 09:15:00,74.17071824381196,4.435796944788414,103.37931060401291,16.83981717172919,0
2024-01-19 09:30:00,71.81415138457616,4.239759357415833,96.39645963092025,15.160226454340208,0
2024-01-19 09:45:00,75.71050921400179,3.8569128033981395,100.64172702848398,16.638664315877737,0
2024-01-19 10:00:00,71.96072987887126,4.2420366218508345,94.35588255284502,12.256093518609642,0
2024-01-19 10:15:00,79.17765709469542,4.100338843522861,102.70511524396707,17.59147601907785,0
2024-01-19 10:30:00,72.41135195864214,3.1484291893224876,95.09443558440861,12.8077843069232,0
2024-01-19 10:45:00,73.20812495372277,2.424880870646933,97.59039602917228,12.924533758700171,0
2024-01-19 11:00:00,70.21881495656035,3.836289700674099,99.99039548790607,14.754962520505943,0
2024-01-19 11:15:00,75.96361863777372,3.936871384665143,101.33501968342304,14.517967698532035,0
2024-01-19 11:30:00,74.53001058704452,4.372377592910852,99.21719612981404,15.748332549158288,0
2024-01-19 11:45:00,72.62316767801553,2.750942979963765,104.55725103019864,15.394602082429458,0
2024-01-19 12:00:00,69.07393180343443,2.774855152578269,102.16971874657683,14.396753942256034,0
2024-01-19 12:15:00,71.92806805940516,3.8679202130462165,101.93417426219263,13.622238307258398,0
2024-01-19 12:30:00,69.00518396739105,3.443066408917531,96.31179729404602,15.449578763939112,0
2024-01-19 12:45:00,73.91729154530479,1.9913907115430973,105.09810369263622,15.44133460889232,0
2024-01-19 13:00:00,72.35982367935567,3.8000865310033527,97.59080456716447,15.769560624063445,0
2024-01-19 13:15:00,70.68656025331244,2.018061668008836,105.21262729896128,12.811308655073237,0
2024-01-19 13:30:00,65.38362697464862,2.743794758501299,106.06658517077672,12.747596757200606,0
2024-01-19 13:45:00,68.05771639382087,4.581345098288086,101.53796959709132,15.463256643051443,0
2024-01-19 14:00:00,71.17670831408228,4.959903214245692,103.09603929303826,16.208278941937735,0
2024-01-19 14:15:00,72.01301621232871,2.5274749052224306,90.75124071082939,13.80796583931202,0
2024-01-19 14:30:00,71.60199333662356,3.2364867700698445,99.41499275352886,14.0622607151248,0
2024-01-19 14:45:00,66.00724739837838,3.5340980184629647,103.30649691975862,11.719144124417786,0
2024-01-19 15:00:00,69.61403713632536,4.924981542065255,102.77353080494225,13.299591763506287,0
2024-01-19 15:15:00,70.87443452600597,3.105704841740479,96.34082998570037,12.563729046741997,0
2024-01-19 15:30:00,65.37273508283798,3.1184927815733774,99.11883388039638,12.804556716238682,0
2024-01-19 15:45:00,68.53378995710206,4.73898044677029,92.39090348439656,14.909844584404883,0
2024-01-19 16:00:00,68.97226648611236,3.2001686778253937,101.23897852051826,12.91410065013209,0
2024-01-19 16:15:00,67.71336102806796,4.077761367173166,94.35001479631953,13.578098884428623,0
2024-01-19 16:30:00,64.51667098755209,2.3182856279100577,103.39143352836271,12.424253684818591,0
2024-01-19 16:45:00,67.49190144830368,3.363013804726139,103.54817458215223,15.230248531888432,0
2024-01-19 17:00:00,67.42752129099298,2.172322529338876,98.5768995567805,12.710868632091264,0
2024-01-19 17:15:00,67.74161552057153,2.6556529752354363,101.56382779136227,12.85966049469518,0
2024-01-19 17:30:00,66.88342954912783,4.171361084121811,99.34870382781847,12.195997172299805,0
2024-01-19 17:45:00,67.11406145259788,3.46007568713063,100.7257251850446,11.827954155661631,0
2024-01-19 18:00:00,67.92753193532347,3.2447154075576203,96.55822173027055,14.572037067767496,0
2024-01-19 18:15:00,68.91582843316382,2.901000300815266,101.86747786971972,13.87208233545343,0
2024-01-19 18:30:00,67.46305363683919,3.323475141406974,95.07644430932675,13.721130880786712,0
2024-01-19 18:45:00,67.31043476903142,3.740890533680555,94.51020951301186,15.50509216500252,0
2024-01-19 19:00:00,68.38885582415217,3.740890533680555,99.63421504999903,15.914777836137459,1
2024-01-19 19:15:00,64.45300170063125,3.740890533680555,99.36627016116616,10.26654904843717,1
2024-01-19 19:30:00,69.35547157553385,3.740890533680555,100.81690519165525,15.178393482303507,1
2024-01-19 19:45:00,68.52226806331053,3.740890533680555,98.05147752929102,14.295150807559944,1
2024-01-19 20:00:00,68.73967649996287,3.740890533680555,105.65707499735677,13.329516451269955,1
2024-01-19 20:15:00,70.73296871125049,3.740890533680555,100.48181496813832,15.111416143917062,1
2024-01-19 20:30:00,65.07074699036524,3.740890533680555,100.69864533554868,10.331649244278392,1
2024-01-19 20:45:00,65.20654883122698,3.740890533680555,100.59170163222113,15.155928163532696,1
2024-01-19 21:00:00,69.8918610544801,3.0785174432102584,103.00872960684424,15.139974461951892,0
2024-01-19 21:15:00,69.53144013806063,3.5418830232746505,101.72805224345339,12.961635424169202,0
2024-01-19 21:30:00,70.09796853449305,4.418993879858194,101.32605369912484,13.55127522761863,0
2024-01-19 21:45:00,69.05491314190068,2.9143936536754285,102.20795231459677,11.561754229249045,0
2024-01-19 22:00:00,71.538089457676,3.4497546214848356,94.52615608885843,14.390490962548416,0
2024-01-19 22:15:00,72.31254998355115,3.6466737711987367,94.63945704824266,14.369667029204471,0
2024-01-19 22:30:00,71.6597827438763,4.748280743899566,99.77182376409567,12.910269242477254,0
2024-01-19 22:45:00,70.42031453709654,3.2597533934109495,99.4069783519543,15.69114771169363,0
2024-01-19 23:00:00,66.98128114969593,4.267045324808769,101.73942953214463,15.409580129450491,0
2024-01-19 23:15:00,72.99326427892753,4.485583522612018,100.06005070655051,15.25693854861154,0
2024-01-19 23:30:00,74.15871813374433,3.4489965880074815,101.74559480336264,15.189145115853748,0
2024-01-19 23:45:00,73.2660670804717,3.33142481673859,96.26321419131614,16.0322970273392,0
2024-01-20 00:00:00,70.47945365824496,3.236757062361427,99.96776628877392,14.514377653730925,0
2024-01-20 00:15:00,73.84709221911073,3.2953414926059343,95.97682978612664,13.930858841386442,0
2024-01-20 00:30:00,74.47918667632263,4.1833918884614665,101.1605738031142,14.764739023015895,0
2024-01-20 00:45:00,76.1311339196108,3.6848079818044113,94.36514487291004,15.794686165761194,0
2024-01-20 01:00:00,71.51231142880266,3.6882317673358953,101.04493029562263,15.225973320355843,0
2024-01-20 01:15:00,73.05723162730818,3.2725601754354865,95.59300185730866,15.331174565007158,0
2024-01-20 01:30:00,75.24382129389474,2.726007938099812,98.84941662033461,16.288700458149098,0
2024-01-20 01:45:00,74.09573556259073,5.214757459821584,102.68478307434775,13.341478693851338,0
2024-01-20 02:00:00,71.96940737385903,3.3577394197690484,100.68213996579526,15.988648828285102,0
2024-01-20 02:15:00,75.24699473008712,2.8801824035373116,95.0630193288271,15.979222245038907,0
2024-01-20 02:30:00,75.77842142368904,4.644879332471438,97.98281846591793,19.962590008331944,0
2024-01-20 02:45:00,74.98912477168882,3.7254468389468416,95.4958644235696,15.315285876242028,0
2024-01-20 03:00:00,75.43241105515375,3.9625239334916174,94.91572450118441,16.514911059210185,0
2024-01-20 03:15:00,74.64304127828285,3.389562339774773,100.35298952840192,20.036741126797608,0
2024-01-20 03:30:00,78.27067574978734,3.2450615275385566,101.6808950306803,17.17234016919097,0
2024-01-20 03:45:00,73.65219254894596,3.364330902002168,101.32181776214706,15.394211955769762,0
2024-01-20 04:00:00,74.40359088774447,2.5473946259247016,101.80788044463925,14.240694424197365,0
2024-01-20 04:15:00,75.70952106813354,3.429658072464082,99.96426744734255,18.40525587125354,0
2024-01-20 04:30:00,77.53896927202871,3.736826461634094,99.1798293437501,14.923038402343757,0
2024-01-20 04:45:00,72.8636187699319,4.9803705870750035,96.78079201881306,15.899767006251755,0
2024-01-20 05:00:00,73.29853686373272,3.5687992520041725,98.6797609847485,14.679228077157244,0
2024-01-20 05:15:00,71.8876394941342,1.632658366231756,96.03595484402149,14.68228745437323,0
2024-01-20 05:30:00,76.05546554151543,3.424811653772303,97.46450341861924,14.080741259539542,0
2024-01-20 05:45:00,73.76333883106706,5.691603306486645,100.26678061131413,17.54369248192096,0
2024-01-20 06:00:00,75.22358008280752,4.193092987988032,99.64658173737723,15.55037806596484,0
2024-01-20 06:15:00,77.29105214597863,2.851288844953129,109.19418411368433,14.764681155454037,0
2024-01-20 06:30:00,74.6438159367589,3.9728852115444453,95.96261320748498,17.672180676587807,0
2024-01-20 06:45:00,76.33123861916883,2.9063892600882077,99.62470383750465,15.543166366194693,0
2024-01-20 07:00:00,75.19518912231501,2.4169539843625136,95.72880366638883,16.460467674290584,0
2024-01-20 07:15:00,77.04702176774445,3.221304509412742,98.83664237209015,17.776231103524886,0
2024-01-20 07:30:00,76.54610568114451,3.5732211513910888,98.95872045365445,17.074883200204834,0
2024-01-20 07:45:00,74.08962517916412,2.0022755980532834,102.53464007869941,12.331934228000682,1
2024-01-20 08:00:00,75.12937796406237,2.580672567569091,98.65100038234624,16.942718005902783,1
2024-01-20 08:15:00,77.53305655321194,3.508268450545884,99.42604119983152,16.430735452400672,1
2024-01-20 08:30:00,76.19756076730528,5.917703411998536,98.70904611258334,15.648333880638756,1
2024-01-20 08:45:00,72.5691772712332,3.8158490169168724,95.79684476782838,14.850619018776692,1
2024-01-20 09:00:00,76.6144525476917,2.528265338153151,98.04369288462068,13.773634399482843,1
2024-01-20 09:15:00,73.06274669142576,4.071290998842641,98.85418985474854,15.37229777072478,1
2024-01-20 09:30:00,77.97524656221564,2.552992722351844,100.22147765021916,14.472073864622466,1
2024-01-20 09:45:00,77.1070810691402,4.814187441550104,101.67684186167448,15.790321278146243,1
2024-01-20 10:00:00,75.53867840062345,2.1273933724973464,99.29621047086691,15.943826254450872,1
2024-01-20 10:15:00,75.16574592828357,2.62595658369327,99.24347120805596,17.16947506264041,1
2024-01-20 10:30:00,74.31895769308453,3.8338966424254632,94.83756052453884,14.03583278552709,1
2024-01-20 10:45:00,75.97423010321147,4.83138660119811,101.61920355176905,17.90008487134112,1
2024-01-20 11:00:00,73.75127667550156,3.7520344288929364,97.91230633854988,16.436967230749275,1
2024-01-20 11:15:00,74.83620650398335,3.950286336145913,102.24136971468933,14.658921250502681,1
2024-01-20 11:30:00,75.97885894084357,3.514029521338447,55.98324312622137,13.943577260910034,1
2024-01-20 11:45:00,72.98010692820723,2.6788812367078454,99.43625491992098,12.502220848594801,1
2024-01-20 12:00:00,72.7399924870659,3.1078893214084964,96.93006615770233,14.964411132115131,1
2024-01-20 12:15:00,71.45335519170969,2.5304722240149786,99.9499041607411,13.025732507114732,1
2024-01-20 12:30:00,71.58501666956352,2.4770320257785023,101.04610599405592,15.93106194792206,1
2024-01-20 12:45:00,69.93232366612419,3.8213991354557972,99.05343999625984,12.57780265944268,1
2024-01-20 13:00:00,74.92829436587488,2.6014576143296306,98.30788477186204,13.705742709249721,1
2024-01-20 13:15:00,76.97143426227817,4.045553305514442,101.69059663209224,15.98100024033253,1
2024-01-20 13:30:00,76.09572952306867,2.4585417982231217,60.432700645958754,14.299648571181466,1
2024-01-20 13:45:00,66.76145672478245,3.7371064160934035,98.96113107901853,13.441262007487941,0
2024-01-20 14:00:00,71.2404035800544,3.10905394482963,95.03780150421792,16.251105069104103,0
2024-01-20 14:15:00,72.42144552245514,4.625292426920516,101.36913455613836,15.30227765423963,0
2024-01-20 14:30:00,68.46053648653725,3.758975116463252,97.69801841967588,14.119607637015262,0
2024-01-20 14:45:00,69.38523044862048,4.488626314395313,100.64302322611093,14.52328919794877,0
2024-01-20 15:00:00,64.98680636701957,2.895482626859846,100.45347169503711,10.35639342467778,0
2024-01-20 15:15:00,69.36916988551232,3.544914672195334,94.333157718872,14.798507590549432,0
2024-01-20 15:30:00,66.55524675585747,2.7151302735069773,100.24324505323472,13.606471391846084,0
2024-01-20 15:45:00,68.94252574511735,3.1691158058044655,101.54359757612336,15.422103714010337,0
2024-01-20 16:00:00,65.29655647735105,3.2903166218042967,101.91145724593146,13.897683144910992,0
2024-01-20 16:15:00,69.39573527680544,2.9193134234502884,100.35209725328893,13.91579763563336,0
2024-01-20 16:30:00,70.26591755797415,2.527597712923444,94.06844186815123,16.028364604658282,0
2024-01-20 16:45:00,66.57362191753623,2.3691861410778774,103.83124318655992,12.933140528841788,0
2024-01-20 17:00:00,65.80577163889083,2.3691861410778774,101.23306800262775,13.512467147783807,1
2024-01-20 17:15:00,63.724010354358285,2.3691861410778774,96.39004201188857,12.050478960588451,1
2024-01-20 17:30:00,67.47666020482004,2.3691861410778774,97.63671087952518,14.335634768830829,1
2024-01-20 17:45:00,66.8368353207527,2.3691861410778774,100.69367262788356,12.886315922269166,1
2024-01-20 18:00:00,64.90566593100046,2.3691861410778774,102.03935257989477,15.343027192712487,1
2024-01-20 18:15:00,68.93853655818359,2.3691861410778774,98.5361114309569,17.107605073293534,1
2024-01-20 18:30:00,67.1743590160043,2.3691861410778774,102.47657622213723,14.863215086080299,1
2024-01-20 18:45:00,65.98145586470059,2.3691861410778774,94.62169951269946,15.50638173353122,1
2024-01-20 19:00:00,67.09898693579154,2.3691861410778774,96.87262296671864,11.220874359448892,1
2024-01-20 19:15:00,70.44219839575157,4.030020903825024,93.80690797047376,12.40059290381298,0
2024-01-20 19:30:00,69.61278235481291,2.2821486155135524,97.30778457139093,13.801493856497054,0
2024-01-20 19:45:00,68.26957705549447,3.315152256080408,104.52423155363229,13.942719564536656,0
2024-01-20 20:00:00,69.90543545374788,2.300149124427988,106.1734067037562,14.074319508974867,0
2024-01-20 20:15:00,66.49728347185284,5.457054287128258,100.70377140469132,10.885982167106423,0
2024-01-20 20:30:00,69.04936425082896,2.2240997887875196,98.08471237819434,15.842196834734159,0
2024-01-20 20:45:00,69.45771059522161,2.661727824904144,99.33508029744716,17.46861052860189,0
2024-01-20 21:00:00,68.41399514228851,3.1089430414658734,101.42001967249907,15.845680061445488,0
2024-01-20 21:15:00,70.4265303919036,2.490948560264153,95.31105744508275,16.156244020750787,0
2024-01-20 21:30:00,68.20717008007229,4.582075127805236,98.28250247205638,14.201330431740091,0
2024-01-20 21:45:00,71.00966884391784,5.437958320866796,104.30467922335075,13.438404597084647,0
2024-01-20 22:00:00,71.32435103195355,3.119400704549906,96.86286979201492,14.906097388540019,0
2024-01-20 22:15:00,64.6245469311102,2.4436614825244716,97.75292530221537,15.945746134595316,0
2024-01-20 22:30:00,73.08431727452187,1.710459601019183,100.03958096794432,14.797313013595975,0
2024-01-20 22:45:00,64.85883639539077,3.304713025182319,100.84942677851413,12.175215046881318,0
2024-01-20 23:00:00,69.97688231187061,3.246907661470845,98.12498786140158,16.054020182217055,0
2024-01-20 23:15:00,73.5179459245085,2.9789630989118843,100.23089314975587,17.215912853470943,0
2024-01-20 23:30:00,71.09322949861834,3.6771002031809825,101.82381860121832,13.456116140923298,0
2024-01-20 23:45:00,69.05715083292219,3.816138514252389,105.88435547129095,13.724918330020524,0
2024-01-21 00:00:00,70.06381343303663,3.7584666063503205,99.62126686169566,13.666285786058836,0
2024-01-21 00:15:00,74.5657866793501,3.24710010242521,99.87610805397831,15.874270072396664,0
2024-01-21 00:30:00,68.92745920628343,2.6187025363405905,104.58235703793854,15.733767768312267,0
2024-01-21 00:45:00,75.28364098601163,4.67866014037674,98.35250242510571,14.779051014111353,0
2024-01-21 01:00:00,73.16624868058055,3.510011007537224,96.02694090171346,16.98437182252957,0
2024-01-21 01:15:00,71.13698487705209,4.210686019867721,100.75074692697689,14.893572336497588,0
2024-01-21 01:30:00,72.59434505708607,4.132060439577785,103.22852507526375,18.66759172159724,0
2024-01-21 01:45:00,71.95737958792536,2.3625903447623076,101.08314140559905,15.465460202933917,0
2024-01-21 02:00:00,75.9469938931738,2.3526222340339173,99.70895302735826,16.03872031350824,0
2024-01-21 02:15:00,75.89262183035632,2.8955674250075774,95.65481988059548,17.029858639780883,0
2024-01-21 02:30:00,71.19226019466824,2.6549876733674656,99.82489226419489,14.251958701569656,0
2024-01-21 02:45:00,74.01493865002938,4.10420142078088,103.69946477894901,12.911571909981076,0
2024-01-21 03:00:00,73.2751951340533,3.781047740790334,96.29764875538234,15.021776778809345,0
2024-01-21 03:15:00,77.75516394073114,4.379347195028249,99.26575847859019,16.342108768615503,0
2024-01-21 03:30:00,72.6209432618145,3.8171894539287345,98.83754580352492,12.797806787719633,0
2024-01-21 03:45:00,78.66836133670157,3.6669196654986953,97.90688628808677,16.89095561631873,0
2024-01-21 04:00:00,75.51724461953948,4.459783824275337,100.74376901355701,12.95450804894775,0
2024-01-21 04:15:00,73.3685343766876,3.875781871788039,101.32991572376802,14.889030060273063,0
2024-01-21 04:30:00,74.43059665732913,3.554480770750175,101.2984807143803,16.09457298526575,0
2024-01-21 04:45:00,74.25842439266606,4.684362427144548,97.06957070915462,15.823021583507167,0
2024-01-21 05:00:00,73.37238954644577,3.592144706522232,95.06204891699895,14.795112654603505,0
2024-01-21 05:15:00,76.15443454051594,3.256527516065663,100.78716530959218,16.118034759232675,0
2024-01-21 05:30:00,73.53510940561961,2.8297413929778803,98.48224287555205,14.284436165469137,0
2024-01-21 05:45:00,71.63926085898953,4.062420367236329,105.51493713906035,14.908003036830662,0
2024-01-21 06:00:00,75.23254738361754,4.4896404334739755,105.65352908804483,16.056893824972917,0
2024-01-21 06:15:00,72.36098395063956,3.459530078853256,105.97206938318811,13.757920218339605,0
2024-01-21 06:30:00,74.42016763010457,4.546332499023871,97.17966729689586,16.127599089795016,0
2024-01-21 06:45:00,74.04725453396402,1.9239879744227393,101.70810726022629,16.006355342809886,0
2024-01-21 07:00:00,74.04743005856396,3.455637300153668,102.61285755175444,15.364914147197583,0
2024-01-21 07:15:00,79.69994529031126,3.467924070316451,102.2750627006332,20.941554141523604,0
2024-01-21 07:30:00,75.7031477788173,2.9184045020741225,98.93680616741842,15.899890753618728,0
2024-01-21 07:45:00,75.95798251813018,5.407088830385499,103.83749470889597,15.768543387379527,0
2024-01-21 08:00:00,71.77649765390498,3.447045893848991,100.00142495909957,14.299359632359897,0
2024-01-21 08:15:00,73.8691509145292,3.1738153827164535,100.38431837480631,14.104336439744161,0
2024-01-21 08:30:00,75.44184703457611,3.5207696907468042,95.38649964466858,17.061400150137942,0
2024-01-21 08:45:00,72.78344104251805,1.8977490091793363,101.93429490871897,14.20566186072624,0
2024-01-21 09:00:00,76.4577403200633,2.8921056597240677,99.21876485928277,15.48539987552236,0
2024-01-21 09:15:00,72.03401411025841,4.286591975556323,101.39433658630158,14.202841893769627,0
2024-01-21 09:30:00,73.65401129285634,2.99684371605378,100.70534109941386,14.018788114084135,0
2024-01-21 09:45:00,72.83243177035845,2.8368998697597827,100.54280972999132,12.623104532290451,0
2024-01-21 10:00:00,74.10237554086977,4.54762050921152,99.86285928259994,14.93630286152214,0
2024-01-21 10:15:00,72.25435024955758,4.572203520761463,102.35979920398137,16.386308043935706,0
2024-01-21 10:30:00,72.74855821273333,3.9135923777289134,99.40332238934481,15.520037172017863,0
2024-01-21 10:45:00,72.5675693719113,3.1359061327690663,95.63440774164106,17.51113371685558,0
2024-01-21 11:00:00,71.31608096502343,3.3084231479069413,101.7068668191218,15.921258746990805,0
2024-01-21 11:15:00,73.4967069030029,2.8566800307400326,97.57298342526508,16.234959286311938,0
2024-01-21 11:30:00,72.74270171046282,2.7041815047770843,96.02721447195358,18.046784047117917,0
2024-01-21 11:45:00,71.82696299437451,2.664466809353254,96.93326999757221,14.802370505807536,0
2024-01-21 12:00:00,70.8815221780843,3.0055564745718337,100.84999713807076,14.759070163682717,0
2024-01-21 12:15:00,73.07487888593234,2.672223207452204,99.71044359071546,15.305267033289494,0
2024-01-21 12:30:00,70.75169558831603,2.2490359051654805,93.60195091098146,16.94118877327013,0
2024-01-21 12:45:00,70.3548717525834,3.6755221358031247,98.849032170842,14.510234500463659,0
2024-01-21 13:00:00,70.92697110205738,3.6876764647147495,103.5076936749243,13.705675269501558,0
2024-01-21 13:15:00,73.86558608793405,4.860634206742653,98.64611298719987,16.441189133324492,0
2024-01-21 13:30:00,67.55306989283832,4.860634206742653,99.50357033971723,12.441531251265955,1
2024-01-21 13:45:00,71.54243646337449,4.860634206742653,103.12897431198145,15.662938207933234,1
2024-01-21 14:00:00,65.99388192730251,4.860634206742653,102.3864677746136,13.818925979403506,1
2024-01-21 14:15:00,70.00178706845443,4.860634206742653,103.06525326295514,14.116432118826586,1
2024-01-21 14:30:00,72.51485077955851,4.860634206742653,91.68233916983888,16.003172591997796,1
2024-01-21 14:45:00,70.15076265775431,4.1201833494805715,105.20056911532633,12.213543901863765,0
2024-01-21 15:00:00,69.33553218444544,3.761928876158032,101.90920130628379,14.445102837321112,0
2024-01-21 15:15:00,67.7071233301133,3.2954882359617637,107.38442924207246,13.017988922033894,0
2024-01-21 15:30:00,68.73745339290275,3.213975913156372,97.65302190767714,18.314631383797607,0
2024-01-21 15:45:00,68.03282095074624,2.4057968809623524,94.70964818305328,14.043583889684186,0
2024-01-21 16:00:00,66.84142511686551,2.8552657771058465,100.02165537017552,12.557839460384496,0
2024-01-21 16:15:00,67.7254326820597,3.0448386927275455,99.17388301072852,11.650177200538288,0
2024-01-21 16:30:00,68.60958941225229,2.6008225900564526,101.96099195084446,15.940986118867086,0
2024-01-21 16:45:00,66.60226961136894,3.8519391733501314,103.22478503375906,12.855631804125014,0
2024-01-21 17:00:00,66.46457654187205,4.457302295189608,99.7381175653615,12.152344861948487,0
2024-01-21 17:15:00,65.3139048357396,2.7735500541366798,99.27787586256183,13.498620271735472,0
2024-01-21 17:30:00,68.79009162230446,3.7267531485957095,101.56815945854838,15.011605733799819,0
2024-01-21 17:45:00,69.09064666114915,2.6727110883762317,99.2310140029225,15.07812339815904,0
2024-01-21 18:00:00,68.47182534162293,3.2560622632486704,98.98005369730964,13.971173237075922,0
2024-01-21 18:15:00,69.9644590501711,2.9477363366577793,103.11140481602585,14.62812292038141,0
2024-01-21 18:30:00,68.25246645492655,3.981516518885153,103.77933357071072,14.22379554999902,0
2024-01-21 18:45:00,68.92018301758281,2.956969460926257,103.25189873158928,14.580649303718154,0
2024-01-21 19:00:00,68.81982805943784,4.309328330965317,99.49531086182343,14.683276211683575,0
2024-01-21 19:15:00,68.12130160263511,3.4404006245995333,93.58063303674045,15.478069607748854,0
2024-01-21 19:30:00,67.3508074551165,2.9803170323241353,99.55538174082146,13.689864529573724,0
2024-01-21 19:45:00,72.96420361644606,2.497355790123869,97.72605996196886,14.064056186188273,0
